resource_id,name
1,Resource_nnfqfpq
2,Resource_wpckpak
3,Resource_zqdyhok
4,Resource_itioyqi
5,Resource_njcuhgg
6,Resource_fhjpqtd
7,Resource_pfukmgl
8,Resource_zmqegtr
9,Resource_atpnzzi
10,Resource_vjpplus
11,Resource_dhcbaay
12,Resource_abapwhp
13,Resource_xcqtwzl
14,Resource_qpaupyd
15,Resource_aqkwpnw
16,Resource_acbcpqy
17,Resource_cjdapfy
18,Resource_ijjlnwd
19,Resource_yvofffa
20,Resource_dunjlpk
21,Resource_bdjjyqh
22,Resource_zmdnzpp
23,Resource_jcjzmok
24,Resource_lghrdzn
25,Resource_ibbuyqm
26,Resource_plowpli
27,Resource_gnvavco
28,Resource_cumsvmo
29,Resource_ldmzpae
30,Resource_jqntukf
31,Resource_uxgwpnk
32,Resource_xlbogyh
33,Resource_azbtrkr
34,Resource_mncbcwq
35,Resource_nvztolt
36,Resource_kdgmwmo
37,Resource_fzztpdj
38,Resource_hgrziqn
39,Resource_jvykdeg
40,Resource_ehwhubl
41,Resource_ntkmtqa
42,Resource_zcumlrb
43,Resource_xnsvuge
44,Resource_wuejqrt
45,Resource_wafusci
46,Resource_qxsczhq
47,Resource_jvjzlsz
48,Resource_yfsiyrc
49,Resource_ilixsoi
50,Resource_xhvewpv
