ID,Name
1,Hunter-Campbell
2,Kramer-George
3,"Sanders, Braun and Robinson"
4,Edwards-Torres
5,Martin Inc
6,Hopkins-Woodward
7,Meyers LLC
8,Gordon-Martin
9,Barajas-Barton
10,Wright Ltd
11,"Smith, Beck and Diaz"
12,"Oliver, Morgan and Martinez"
13,Bryant and Sons
14,Jones Ltd
15,Warren Group
16,"Ramos, Smith and Atkinson"
17,"Bell, Castro and Adams"
18,Clark-Sanders
19,Prince Ltd
20,"Valdez, Gonzalez and Holmes"
21,Reyes Ltd
22,"Campos, Lewis and George"
23,Berger Ltd
24,Sanders Group
25,Rivera PLC
26,"Beard, Smith and Evans"
27,Sanchez-Ritter
28,"Woodard, Hooper and Garcia"
29,"Dean, Rogers and Smith"
30,Blake-Ortiz
31,Werner-Stewart
32,Woodard-Robinson
33,"Johnson, Green and Robertson"
34,Smith-Ferguson
35,"Hendricks, Davis and Gonzalez"
36,Mcknight Inc
37,Perry-Burton
38,Harris Inc
39,Dyer-Lynn
40,Greene and Sons
41,"Mckee, Mcdonald and Krueger"
42,Flores-Anderson
43,Jensen-Charles
44,Castillo Group
45,Morris-Duncan
46,Garcia Group
47,Coleman-Morrow
48,Gibbs-Sims
49,Archer-Mclaughlin
50,Bryant Inc
51,Robinson Ltd
52,Hill Group
53,Dean-Herring
54,Johnson and Sons
55,"Cohen, Yang and Simmons"
56,Mays Inc
57,Barber PLC
58,"Merritt, Peters and Patel"
59,Koch-Ellis
60,"Carter, Benson and Matthews"
61,"Chandler, Thompson and Foster"
62,Peterson-Moreno
63,Owen Ltd
64,"Arroyo, Ward and Calhoun"
65,"Vaughn, Tyler and Wise"
66,Andrews Inc
67,"Rodriguez, Dean and Richmond"
68,Martinez Group
69,Williams PLC
70,Anderson Ltd
71,Blake Ltd
72,Dalton-Davis
73,"Li, Garcia and Olson"
74,"Richardson, Jackson and Smith"
75,"Walker, Moyer and Holmes"
76,Jones-Castillo
77,"Young, Morrison and Tran"
78,"Higgins, Mueller and Simmons"
79,Mckinney-Stuart
80,Hansen PLC
81,Crane Group
82,"Wise, Adams and Campbell"
83,Silva LLC
84,"Padilla, Dean and Clark"
85,Cervantes LLC
86,"Nichols, Singleton and Delgado"
87,"West, Ward and Green"
88,Barron-Gonzalez
89,Frederick Inc
90,Farmer-Perkins
91,Mcknight-Guzman
92,"Duncan, Baker and Hanson"
93,Pham-Rodriguez
94,Davis-Peterson
95,Whitehead-Hartman
96,"Hudson, Berry and King"
97,Barnes-Owens
98,"Lee, Henderson and Norman"
99,Jenkins Inc
100,Brown-Perez
