ID,Name,Birthday,Email,PhoneNum
1,Xavier Evans,1914-03-24,emily43@example.org,001-554-403-1494x0994
2,Tiffany Peters,1943-04-24,edawson@example.com,852.598.3360x1294
3,Sean Rasmussen,1956-01-25,odurham@example.org,+1-995-760-4441x22422
4,Zachary Mcgrath,1938-07-19,vwang@example.com,+1-954-316-4794x813
5,Michael Porter,1923-02-09,nichole92@example.org,413-537-2566x171
6,Heather Clark,1983-09-09,xholmes@example.net,742-266-3191
7,Amy Steele,1980-08-27,vargastony@example.net,549.211.6144x745
8,Nicole Newton,1975-08-17,nancysanchez@example.org,(655)542-9091x63534
9,Kevin Long,1926-12-03,blackjerome@example.com,(585)905-5942x52359
10,Richard Jackson,2007-04-02,hogananthony@example.com,+1-639-448-4869x88022
11,Rebecca Werner,1918-04-04,kirkmichael@example.org,(438)509-1024x1960
12,Nicholas Miles,1992-09-01,christinerasmussen@example.org,001-980-655-8700x45711
13,Michael Mills,1976-12-24,jacksonsusan@example.net,+1-991-411-1266x6955
14,Zachary Sherman,1999-03-18,alexisjohnson@example.org,487.757.0713x5305
15,Edward Miles,1987-03-31,nortonholly@example.org,816-206-4304
16,Veronica Moore,1968-01-19,christinefuentes@example.net,(517)758-1648x24005
17,April Barnett,1996-07-17,briancortez@example.net,+1-524-592-7089x4779
18,Paula Odonnell,1938-01-17,afrost@example.org,907.868.3717x50429
19,Tyler Hernandez,1919-12-30,annacooley@example.org,001-296-634-7757x991
20,Austin Lewis,2011-01-11,gloria73@example.net,9242983862
21,Jaime Williams,1939-10-23,spencerobert@example.com,511.772.5452x0410
22,Joshua Lee,2006-02-07,jsantiago@example.org,001-997-371-5551x106
23,Michelle Le,1984-05-24,qclark@example.net,995-225-9185
24,Derek Wood,1914-09-30,markdavis@example.org,211-624-1221x16850
25,Heather Clark,1913-09-30,smartin@example.net,353.805.6906x987
26,Jennifer Pittman,1954-05-02,hunterdavid@example.org,431-948-1571x6705
27,Tracy Lane,1938-01-13,benjaminsmith@example.net,4907585597
28,Michael Mason,1934-09-16,crawfordkatherine@example.com,+1-228-201-1176x0661
29,Lisa Williams,2007-05-15,april04@example.com,(811)440-2126
30,Blake Kelly,1965-04-19,jessicamartinez@example.com,794-736-1135x88569
31,Robert Johnson,1990-10-20,williamslauren@example.net,510-318-6489x86978
32,Christopher Spencer,1939-10-10,garciakevin@example.net,+1-438-782-1905x5423
33,John Baird,1962-09-01,browngregory@example.org,513.400.0726x933
34,Krystal Watkins,1915-04-12,ustanley@example.org,400-355-1376x1923
35,Mackenzie Howe,1954-08-06,donaldsullivan@example.com,001-401-909-9111x60670
36,Matthew Mcclain,1997-03-31,james80@example.com,832-413-9373
37,Christopher Smith,1938-06-05,karen83@example.com,9615485160
38,Glenda Floyd,1923-12-17,cevans@example.com,556.799.9324
39,Jeffrey Williams,1970-01-21,joshua71@example.org,737.764.7182x3329
40,John Johnson,1987-03-31,whiteheidi@example.net,(201)763-4089x1177
41,Michael Hall,1926-02-05,owong@example.org,001-924-333-3991
42,Jessica Walker,1980-08-14,brittany83@example.com,431-829-1974x3908
43,Laura Alvarez,1971-10-17,delgadokaren@example.net,(229)244-4574x1049
44,Michelle Miller,1982-08-15,mariacooke@example.org,903.284.5952x962
45,Sheryl Ramirez,1969-11-28,paul82@example.com,(429)855-5376x6835
46,Brandi Mullins,1985-01-07,cynthia63@example.net,315.960.8799
47,Leslie Young,1949-07-09,james00@example.net,001-635-530-2022x430
48,Abigail Lucas,1952-11-17,fordbryan@example.org,587-524-3744x813
49,Tara Horne,1938-10-05,gcarrillo@example.org,230-897-0001x458
50,Jason Beck,1986-01-12,palexander@example.org,(585)860-7855x314
51,Michael Pitts,2013-01-20,gregg37@example.com,403.715.9847x97201
52,Andre Davis,2001-07-05,matthew11@example.net,+1-542-376-5021x08070
53,Amanda Hawkins,2010-12-13,kelleymarc@example.org,429-889-4008
54,Adrienne Yoder,1977-07-27,lwright@example.com,+1-303-670-0408x0453
55,Robert King,1965-03-21,acooper@example.com,3913685079
56,Brandy Bailey,1915-10-20,sarah51@example.net,+1-560-576-2959x877
57,Robert Obrien,1929-12-31,bmiller@example.net,(926)531-1939
58,Chelsea Bradley,1991-09-12,jonathanwright@example.net,001-916-342-9171
59,Jennifer Conley,1968-08-05,bishopdaniel@example.net,001-233-230-0667x18954
60,Monique Mahoney,1965-06-18,hwagner@example.com,238.259.1798
61,Sean Silva,2018-10-08,john22@example.com,001-985-317-2273x263
62,Jodi Thompson,2013-09-18,neilharris@example.org,+1-854-252-7298x8616
63,Heather Aguirre,1960-04-26,kathleen77@example.com,5347436681
64,William Ramos,1937-09-14,ian61@example.com,4266542551
65,Steven Dudley,1996-01-23,wilsonmatthew@example.org,+1-274-393-5990
66,Michael Humphrey,2000-11-21,mosleycourtney@example.net,001-829-873-8232
67,Daniel Cooper,1922-06-23,thomasandrea@example.org,239.764.9271x19523
68,Johnny Sullivan,1948-05-26,xrichards@example.com,+1-716-256-7005x478
69,David Bryant,1924-01-12,harrisonsarah@example.org,238.342.8208x89734
70,Andrea Moore,1992-09-07,victor10@example.org,2935197532
71,Jesse Howard,2011-01-16,jerry00@example.org,(976)808-3132x4042
72,Cassandra Orr,1953-07-07,ann65@example.org,001-329-503-7317
73,Joshua Powell,1986-10-23,kmarsh@example.net,(779)841-2188x9885
74,Kristin Marshall,1965-04-01,qweeks@example.com,001-839-706-8634x52888
75,Cynthia Williams,1949-04-27,kristin90@example.net,489-306-2611
76,Marissa Kelly,2020-04-02,erica83@example.com,+1-799-631-1732x77724
77,James Bryant,1976-08-22,oharvey@example.org,001-688-769-3530x36875
78,Bryce Hall,1917-11-16,jessicagilbert@example.org,5379972810
79,David Alexander,1960-09-19,patrick28@example.org,001-467-988-5889x11798
80,George Hernandez,1957-04-02,mtaylor@example.org,(421)226-9820
81,Jeffery Mclaughlin DDS,1955-05-04,schultzcarol@example.com,553.344.4907x679
82,Brianna Martinez,2015-08-12,codylewis@example.com,(513)779-0574
83,Lee Wong MD,1936-05-06,charles18@example.com,892-368-7196x7694
84,Heather Williams,1929-04-19,kingadrian@example.org,+1-969-321-7006
85,Vicki Sanford,1955-11-03,brianbrown@example.org,001-658-423-6382x04951
86,Lawrence Hubbard,1983-09-29,jwilliams@example.org,533-991-7909x66421
87,Donald Neal,1965-07-02,fsanchez@example.net,001-516-537-6145x345
88,Jeffery Ayala,1977-04-22,helensnyder@example.net,001-272-932-2592x21235
89,Kristen Gardner,2015-06-11,jameshines@example.net,796-202-7543x05982
90,Elizabeth Wallace,1971-10-17,barneschristopher@example.net,001-932-948-6473x41670
91,Hunter Adams,1948-08-06,jameslee@example.net,649.401.2817
92,Nicole Bolton,1966-09-12,nwalters@example.com,787.309.7083
93,Julia White,1936-03-30,iwilson@example.com,(507)200-2893x223
94,Keith Gonzalez,1985-11-07,watkinstodd@example.net,(623)213-2394x05668
95,Stephanie Tran,1987-12-04,smithchristine@example.com,(914)370-2276
96,Nicole Gay,1998-11-21,wgarcia@example.org,968-392-7184x7149
97,Caitlyn Potter,1965-03-31,vickicook@example.org,345-427-4636
98,Gail Wilson,1963-02-04,cpadilla@example.com,587-868-8497x2212
99,Christopher Johnson,1956-12-10,wjones@example.com,001-541-616-1845x586
100,Dennis Young,1929-12-24,broberts@example.com,504-883-2622
101,Yvette Reed,2006-01-07,nicole02@example.org,7033873566
102,Amber Nelson,1914-06-17,veronica69@example.org,(746)291-5964x64252
103,Jessica Bishop,1930-03-27,kylemorris@example.net,+1-239-970-8490
104,Andrew Luna,2016-06-26,lindabaxter@example.com,+1-929-254-2344x25953
105,Diana Alvarado,2020-12-10,mark39@example.com,260.886.6957
106,Traci Ruiz,1975-03-23,anna85@example.org,3217558239
107,Brittney Munoz,1987-12-24,markcook@example.com,410-846-3761
108,Angela Andrews,1993-09-20,mariahrangel@example.com,001-610-208-0260x7734
109,Brian Sherman,1996-01-03,codyedwards@example.net,+1-792-823-3090x662
110,Gerald Mccarthy,1946-11-17,alexanderrodriguez@example.net,(411)525-8916
111,Megan Smith,1962-04-12,mhines@example.net,344-876-4121x8852
112,Joel Hamilton,1929-08-01,jensenmorgan@example.com,001-782-809-7468x34285
113,Deborah Wilson,1931-07-12,wilsonemma@example.net,+1-815-419-9833x5910
114,Richard Hines,1932-06-01,ctaylor@example.net,861-259-4066x650
115,Denise Rodriguez,1913-07-13,amanda07@example.com,809.286.8071
116,Miss Beverly Greer MD,2016-04-11,spencer38@example.net,4992126981
117,Andrew Hobbs,1990-08-24,kevin95@example.net,+1-604-606-1994x42336
118,Jordan Contreras,1956-05-15,greeneric@example.org,001-358-473-7657
119,Thomas Molina,2006-11-02,petersonjason@example.net,+1-715-526-4306
120,Brooke Edwards,1974-11-26,tanyavazquez@example.org,(812)433-9101x23623
121,Garrett Pope,2020-05-08,powellsarah@example.org,997.894.5792x3129
122,David Fowler,1916-10-04,rebecca93@example.com,+1-652-945-7939x1636
123,Kimberly Moreno,1922-12-01,smithchristine@example.com,(475)862-8680x82772
124,Amber Hatfield,1971-01-17,fischerrobert@example.org,877-875-7177
125,Jill Jones,1956-11-13,michellegrant@example.org,419.565.1305x023
126,Timothy Henry,2021-06-21,hayslisa@example.com,(900)787-2200x37022
127,Robin Jackson,2010-07-26,griffinanna@example.net,771-279-6822
128,Brian Cline,1947-07-04,riveramolly@example.org,+1-311-655-8808x7180
129,Christine Gregory,1922-08-29,jenniferle@example.net,988-868-1330
130,Brandon Rodriguez,1970-02-26,karen13@example.com,001-625-652-3941x97027
131,Ryan Davis,2017-06-21,vmacias@example.org,(756)214-9763
132,Michelle Blackwell,1976-08-23,goliver@example.net,(659)840-2652
133,Dr. Susan Solis,1941-09-22,michaelmcclure@example.org,+1-909-683-6713x5487
134,Luis Hill,1914-12-22,msmith@example.com,693.607.7072
135,Sandra Rowe,1996-01-25,flemingchristopher@example.net,(402)869-8048
136,Kathryn Goodwin,1917-01-04,mark39@example.net,001-203-494-4744
137,Jamie Garrett,1932-02-15,bryankenneth@example.org,203-643-3003x38466
138,Matthew Myers,2007-06-08,nicolerogers@example.com,+1-578-545-4277x17075
139,Sandra Li,1949-08-27,jimmy22@example.net,+1-991-384-7292
140,Michael Giles,1914-04-11,steve45@example.com,595.416.7750x89118
141,Mr. Kevin Case III,1908-08-09,andrew13@example.org,3366068474
142,Donna Turner,1939-01-07,robertsondavid@example.org,(397)512-9229x18676
143,Michael Howell,1965-05-20,rothmichelle@example.com,9699339883
144,Emily Bradley,1945-03-27,brittany41@example.net,747.571.8140x2558
145,Victoria Combs,1918-01-28,fford@example.org,+1-281-886-8862x69951
146,Marcus Hansen,2005-07-23,awhite@example.net,(232)672-1365
147,Stanley Holloway,1933-02-08,gibsonmelissa@example.com,+1-719-635-5503
148,Jennifer Davis,1918-10-26,ddavis@example.com,(658)322-2948
149,Christopher Kelley,1958-09-30,christine77@example.org,(457)540-4098
150,Emily Brown,2013-01-16,onewton@example.com,500-926-8276
151,Andrea Keller,1997-02-25,shawna19@example.net,+1-532-606-9840x90428
152,Jennifer Hernandez,2016-11-10,bhayes@example.net,570-415-5522x384
153,Katherine Chen,1951-11-03,tanya64@example.org,001-428-790-6641x803
154,Jennifer Morrow,1933-03-27,tinaburgess@example.com,713.443.4002x87657
155,Carol Charles,2013-06-06,jonesdavid@example.org,256.724.4759x82287
156,Zachary Greer,1959-11-24,margaret61@example.com,983.455.9220x9839
157,Phyllis Powell,1984-08-15,kdavis@example.net,291.442.4382x6396
158,Brandon Davis,1945-06-27,ashley33@example.com,506-853-7140x390
159,Sharon Harris MD,1944-11-24,kwilliams@example.org,(454)842-9433x41911
160,Steven York,1945-11-02,ericarmstrong@example.net,3096355479
161,Nicholas Walton,1972-11-27,dixontodd@example.com,510.904.0408
162,Joshua Warren,1962-07-28,stonejeffery@example.org,397-406-3381x510
163,Randy Hernandez,2021-06-06,timothywalsh@example.com,349-267-4095
164,Shannon Brown,1951-12-29,coopertroy@example.com,001-875-718-6449
165,James Barrera,1922-12-18,christopher59@example.com,+1-925-543-9256
166,Jennifer Taylor,2014-12-27,simskatelyn@example.org,8927822089
167,Danny Graham,2002-07-27,lindseywerner@example.org,+1-561-232-9802x968
168,Jessica Dunn,1939-11-27,anthony46@example.com,+1-649-950-0762x9015
169,Tyler Baker,1959-04-28,kmejia@example.net,982-856-2149x01057
170,Brian Noble,1930-04-14,michael55@example.com,262.410.1859
171,Frank Manning,1950-12-11,debradavila@example.net,+1-753-339-7272x984
172,Joy Hodge,1932-04-20,rosspaul@example.com,+1-612-273-8386x036
173,Douglas Jefferson,1910-06-11,orussell@example.net,001-922-397-8486x068
174,Rickey Campbell,1954-01-29,roymarcus@example.com,253-438-9535x97691
175,Mark Johnston,1924-05-24,caseysanchez@example.com,001-427-248-1470x6506
176,Margaret Malone,2019-04-11,eric92@example.org,(943)275-0349x148
177,Kimberly Russell,2010-06-17,fergusonmark@example.net,+1-987-759-5772x076
178,Michael Roth,1993-05-28,tholt@example.net,704-565-5355
179,Alexandra Burns,1995-10-07,monica66@example.com,378-770-5224x872
180,Tyler Salinas,1936-11-25,michellecross@example.net,+1-512-215-7088x67029
181,Darryl Hanna,1963-06-20,andreadelgado@example.net,818-260-7695x339
182,Angela Brown,1974-03-06,dennisbell@example.org,699.626.0221x741
183,Austin Smith,1993-07-26,ariel70@example.org,(359)568-3670x1592
184,Kimberly Kim,1957-05-29,bherring@example.com,001-832-593-8444
185,Melissa Bryant,2011-02-26,hamiltonjames@example.com,920.947.8877
186,Linda Jones,2019-07-29,mporter@example.org,404.716.6606x55168
187,Travis Henry,1972-03-09,williamslinda@example.net,533.461.0984x4974
188,Courtney Pierce,1982-07-15,rickey90@example.com,952.477.4454x262
189,Michele Mcgee,1978-02-03,edwardrussell@example.com,689.768.0864x8637
190,Ashley Frey,1962-08-07,christopherharris@example.org,7217361027
191,Kevin Johnson,1980-08-31,steve98@example.org,+1-798-706-1776x62297
192,Joshua Holmes,1916-04-15,pearsondavid@example.org,226-471-6659x4827
193,Sabrina Mcdonald,1980-02-21,nancy49@example.net,507-726-8603x51360
194,Gregory Bell,1972-03-07,zachary58@example.net,897-580-9318
195,Lauren Cline,1973-05-24,heatherlester@example.net,001-376-521-6156x61454
196,Mark Collins,1917-10-28,john84@example.com,+1-699-779-1123x0482
197,Tracy Nunez,1911-06-09,chenjason@example.net,+1-989-941-0467x355
198,Kayla Pearson,1966-01-21,robert26@example.com,308.226.1294x21214
199,Nicole Perez,1945-10-24,qbrooks@example.org,(910)696-3016x063
200,Danielle Rogers,1934-06-03,morenoapril@example.org,9312172877
201,Joe Jones,1990-05-10,wmartinez@example.com,(211)926-2871
202,Patricia Harris,2024-04-06,brianstone@example.net,001-452-521-8292x19106
203,Amanda Mack,1991-01-07,glenn17@example.net,392.383.2519x92382
204,Brian Bowen,1922-10-02,gmiranda@example.net,(308)800-1639x588
205,Lance Kidd,1986-01-17,lawrencemichael@example.org,(477)455-8433
206,Brittany Mitchell,2008-03-08,patricia52@example.com,590.209.8300
207,Carol Conley,2005-07-28,williamsholly@example.com,+1-400-357-8965
208,Heather Waters,1967-11-21,brian10@example.org,288.487.2929x069
209,Nicole Powell,1910-12-25,thomasrose@example.net,372-219-4513x56802
210,Teresa Stone,1994-08-31,alexanderpamela@example.org,+1-225-965-1767
211,Brian Thomas,1960-12-05,ericmartinez@example.net,(580)780-3676
212,Vincent Hancock,1983-11-17,crawfordjuan@example.org,292.853.3997
213,Taylor Jacobs,2015-10-15,xflores@example.org,001-365-901-7935x458
214,Mary Travis PhD,1972-06-07,akim@example.net,791-985-5231
215,Ernest Carter,2019-03-16,andrewhenry@example.net,(482)970-3580
216,Carrie Cooper,1983-09-22,donovanangela@example.net,(873)339-5636
217,Bill Garcia,1985-09-23,smithnicholas@example.net,276-872-1605
218,Danielle Wilson,1979-05-06,zmorgan@example.net,3935123366
219,Krystal Rogers,2015-02-20,whitejessica@example.net,7587784919
220,Larry Ford,1963-03-15,kathryn93@example.org,432.537.1159
221,Sarah Clayton,1988-05-25,boydjames@example.org,+1-337-750-1818x864
222,Ann Davis,1921-09-01,warnerdavid@example.com,328-363-1984x269
223,Sean Dominguez,1948-04-14,morenotracey@example.org,(592)399-7143x7921
224,Ms. Bethany Krueger,2006-04-04,gibbsrobert@example.org,638-233-3456x2444
225,Amanda Lee,1944-08-27,carla34@example.org,001-629-281-7654x802
226,Tammy Jenkins,1914-03-06,camposlori@example.com,(322)984-0161
227,Dennis Jordan,1951-10-04,tdelgado@example.com,611.749.5363
228,Paula Campbell,1954-04-29,michaelhill@example.net,001-498-362-2790x54428
229,Emily Chen,1917-06-27,betty56@example.org,6364670981
230,Nicole George,1927-01-10,jasonpadilla@example.org,588.824.6039x276
231,Crystal Aguilar,1983-07-09,adam28@example.org,998-876-4078
232,Brandy Ward,1909-03-12,arnoldashley@example.com,+1-482-422-0454x027
233,Denise Oconnell,1950-01-09,morganstephen@example.com,+1-495-261-8821
234,Cheryl Thompson,1972-12-12,chad03@example.net,+1-616-961-4360x22994
235,Mark Williams,1933-10-10,aaronsmith@example.net,(794)906-9011
236,Christopher Vasquez,1969-08-04,annekeller@example.org,896.922.6516
237,Alexander Williams,1987-03-08,john52@example.org,646.827.8470
238,Christy Robinson,1922-09-19,jennifer88@example.net,316.976.7064x97578
239,Daniel Erickson,2003-12-17,ryan40@example.org,349.792.0959
240,Laura Smith,1940-11-21,clarkrachel@example.net,(617)271-2699
241,Terry White,2014-01-21,tkeller@example.com,001-740-707-0609
242,Timothy Snyder,1923-07-07,collinsmichael@example.com,001-321-935-0812
243,Andrew Miranda,1909-02-01,ywiley@example.com,7028929505
244,Jennifer Stewart,2008-11-16,dawnmack@example.net,+1-721-847-1999
245,Karen Osborn,1947-01-03,faulknerraymond@example.net,(222)712-5227x6903
246,Timothy Becker,1961-11-13,jonesjennifer@example.net,761-677-5873
247,Christopher Escobar,1909-10-23,tiffany47@example.org,(397)548-5967x440
248,Jessica Banks,1986-05-15,michelle29@example.com,576.797.5941
249,Kyle Cross,1946-11-07,lauraherrera@example.com,(369)814-3865
250,Christopher Jensen,1925-09-27,cking@example.com,853.549.4403x5572
251,Daniel Turner,1941-12-01,brownjason@example.net,001-348-760-6238
252,Mr. Christopher Brock,1937-07-10,ryankirby@example.org,+1-724-453-9789
253,Mariah Ward,1989-02-23,whiteanna@example.net,432-434-4308x81160
254,Maria Alvarado,2009-08-26,jonathanschwartz@example.com,001-686-561-6523x17216
255,Susan Perez,1935-11-15,samuelharvey@example.org,001-706-621-2215x189
256,Gina Barron,2006-01-05,thomasperez@example.org,001-381-971-8896x2500
257,James Anderson,1910-06-10,shannonabbott@example.com,988-954-3314x515
258,Mrs. Ashley Quinn,1985-10-18,otorres@example.org,001-597-357-3091x6332
259,Daniel Hudson,1927-11-28,hzimmerman@example.com,(274)400-1036
260,Peter Wallace,2004-10-27,ellenmiller@example.net,001-871-684-3245x298
261,Matthew Jones,1961-12-29,weissmatthew@example.net,+1-753-291-7635x5605
262,Sheila Mueller,1964-12-24,amymoore@example.org,001-356-771-7566x431
263,Elizabeth Hardin,1910-08-28,ortegaanthony@example.com,591-417-3155x926
264,Laura Duncan,1947-06-14,annalong@example.org,783-631-7524
265,Linda Crawford,1965-03-10,mannjacqueline@example.com,+1-208-584-6355x28665
266,Patricia Gibson,1978-10-13,sullivankimberly@example.org,364.652.0014
267,Marcus Williams,1931-10-04,sheriluna@example.net,(305)636-9825x64967
268,William Lee,1976-02-28,ryanpeter@example.net,328.968.9694
269,Thomas Fowler,2010-05-10,alex70@example.org,6137568560
270,Patrick Foster,1911-12-11,mmedina@example.org,771-846-9258
271,Francisco Hahn,1962-05-12,cindynielsen@example.com,326.385.8880x0501
272,Kristen Aguirre,1931-02-24,qday@example.com,(966)875-4393
273,Anthony Griffin,2008-11-28,xlutz@example.com,001-350-860-5385x8233
274,Robert Grimes,1994-04-10,wayne46@example.org,8484606822
275,Cory Hester,1925-05-31,aaronlang@example.net,798.956.8722x94365
276,Holly Lewis,1919-09-17,perezmeghan@example.org,604-390-1512x2526
277,Mark King,1929-03-06,castrotyler@example.org,(488)338-3999
278,Paul Ferguson,1937-04-09,aoneill@example.org,247-254-5109x226
279,David Thomas,1936-01-10,larry68@example.org,994.922.7705x18818
280,Taylor Rice,1945-09-22,zmeza@example.net,+1-547-639-7850
281,Charles Jackson,1976-04-12,birdjohn@example.net,364-911-4897x5561
282,Samantha Olson,2020-06-17,dianamorales@example.com,(502)779-5218x7108
283,Hunter Marquez,1990-07-07,barbara64@example.org,(326)995-0957x27368
284,Jonathan Boyd,2007-09-27,russellturner@example.org,488-322-1719x0396
285,Lisa Jones,1912-11-02,ejuarez@example.com,492-426-8609
286,Tanya Williams,1996-01-11,hudsonelizabeth@example.org,9099628103
287,Janet Bailey,2023-10-01,sonya96@example.org,622.301.9562x276
288,Christopher Hernandez,1943-05-22,mnavarro@example.org,(563)309-7940x463
289,Lisa Chen,2007-04-19,yabbott@example.com,3007643688
290,Felicia Campbell,1939-11-27,grahamvictoria@example.net,+1-769-586-2227
291,Samantha Washington,2017-09-03,christophercastillo@example.org,974-761-6858
292,Gina Mckenzie,2018-06-06,kimberly16@example.net,392-441-9483x30423
293,Sherry Hernandez,2007-12-27,timothy97@example.org,001-389-533-9306x7616
294,Lisa Sanders,2009-10-14,brianchristensen@example.net,001-484-230-3150x8659
295,Veronica Davis,1973-04-18,hrodriguez@example.com,257.341.8896x456
296,Robert Hodges DDS,1944-09-04,hbryant@example.net,(921)872-3289
297,Sheryl Mosley,1977-09-16,batesmichael@example.net,001-208-778-6990x313
298,Pamela Holloway,1972-12-12,michellebautista@example.net,(752)716-0152x67176
299,Jesus Carey,1924-04-04,gestrada@example.com,+1-794-750-5751
300,Andrew Greene,2023-02-28,timothyrussell@example.org,407.346.0044x5298
301,William Watson,1983-04-14,rchen@example.org,001-965-686-1235x893
302,Stephen Bowers,2003-07-08,clarkmark@example.com,+1-572-568-2872x5349
303,Victoria Li,1933-06-27,kenneth64@example.net,8483625251
304,Isaiah Williams,1918-01-22,andrea98@example.com,(205)200-9088x963
305,Lisa Jones,1956-04-20,larry15@example.com,213-764-2017
306,Ronald Miller,1935-01-26,leah14@example.net,+1-510-605-6538x2529
307,Andrew Vargas,2003-11-03,aaronramirez@example.org,001-841-854-7806
308,Dawn Williams,1952-12-10,qoliver@example.net,971.838.4456
309,Anthony Martinez,1991-07-14,xdavis@example.net,001-927-389-1229
310,Francisco Davis,2014-12-11,david19@example.org,894-847-9130
311,Heather Walter,1920-07-29,brent67@example.com,+1-406-667-7168x2073
312,Lee Meyer,1962-11-27,laceycrawford@example.com,001-719-231-8489x01892
313,Randy Clark,2021-10-10,coleshannon@example.com,243-930-5142x7200
314,Sarah Andersen,1911-11-11,erin69@example.com,+1-556-668-5866x6118
315,Tiffany Burnett,1995-08-05,frichardson@example.com,763.459.9137x3928
316,Ashley Tate,2016-07-29,gonzalezcarolyn@example.com,452.954.3254x92755
317,Nicholas Jackson,1921-04-29,jennifer83@example.org,380.576.4025x71706
318,Charles Tran,1924-04-29,campbellholly@example.net,353-868-8259x68834
319,Brian Torres,1945-07-07,mnguyen@example.org,526.733.9258x8239
320,Christine Marsh,1997-08-23,rodrigueztommy@example.org,(512)565-7781
321,Adam Thompson,2000-07-28,johnsonbrandon@example.com,001-876-842-1992x538
322,Sarah Fitzpatrick,1959-02-05,christopher71@example.com,588-309-2995x0103
323,Steven Cook,1912-02-19,heathmark@example.org,(259)880-3096x653
324,Kristen Edwards DDS,1975-10-12,ryan19@example.net,(952)324-7268x5303
325,Jesus Sampson,1955-06-23,barronashley@example.org,819.451.9269
326,James Castro,1911-11-24,mitchellrobert@example.net,257.365.4853
327,Jennifer Allen,1960-08-13,sanderspamela@example.net,001-437-569-2904x427
328,Jeffrey Jacobs,1941-07-27,zharris@example.net,829-340-0775
329,Jeremy Holden,1989-10-22,owebb@example.com,001-999-609-6464x4548
330,Christopher Morgan,1990-03-19,fschwartz@example.net,5402034647
331,Erica Owen,1956-03-16,beth05@example.org,+1-600-253-5919
332,Andre Freeman,1919-04-22,gwagner@example.com,7883039047
333,Lauren Gray,1928-06-19,daniel54@example.org,915.915.5326x181
334,Cindy Harrison,2014-12-06,john09@example.com,001-592-846-9789x520
335,Rebecca Olson,1979-03-22,craig27@example.net,001-497-742-9283x278
336,Morgan Morris,1983-06-08,melissahurley@example.com,+1-713-859-4401x0027
337,John Lee,1993-12-11,ptaylor@example.net,001-430-396-1038x8514
338,Mr. Jonathan Case,1983-01-17,rachel26@example.org,4449480537
339,Robert Gonzalez,1937-12-30,chapmanwilliam@example.com,5738612533
340,Lynn Hurst,2018-12-09,courtney23@example.com,001-909-806-1132x18507
341,Gina Malone,1916-09-23,nsmith@example.org,+1-409-370-7335x916
342,Brittany May,1939-10-03,lchristian@example.net,+1-920-428-0641x208
343,Andrew Vaughn,1981-12-04,robertramirez@example.org,(958)286-7120
344,Katherine Bennett,2023-10-27,ryanjasmine@example.org,669-373-1797x733
345,Ashley Williams,1963-07-26,eweber@example.org,440.658.0446
346,Timothy Sampson,1912-07-25,ryan57@example.com,876.500.4545
347,Erin Carroll,1926-07-12,eric08@example.com,+1-521-454-1876
348,Heather Diaz,1933-03-28,jennifertucker@example.com,(749)981-3711
349,Justin Woods,2014-06-22,xrivers@example.net,(881)555-7198x64926
350,Heather Lopez,1920-02-25,dwalsh@example.org,001-927-486-9225
351,Denise Smith,2015-09-08,dtrujillo@example.com,8315524388
352,Tanner Leonard,1931-08-16,danielgonzales@example.org,(801)353-7792
353,Mr. Jason Vasquez,1991-04-16,robinsondebra@example.org,801-930-0272x829
354,Jamie Davis,1984-10-25,sarahroth@example.com,854.381.8576x3767
355,Marvin Hernandez,1986-08-23,andreakelly@example.com,001-268-217-9908x283
356,Bryan Gay PhD,2003-11-29,andrew26@example.org,(678)278-0874x87215
357,David Bradley,1976-04-20,fwatkins@example.org,(547)354-1032x73838
358,Lori Dennis,1971-04-19,kellyhull@example.com,631.788.6530
359,Kathleen Conrad,1951-05-01,kyle60@example.org,(498)241-9587x637
360,Kevin Morris,2011-11-09,fergusonmatthew@example.net,312.746.8471x30361
361,Donna Owen,1989-12-22,michelle25@example.com,(733)401-8251x835
362,Jason Carrillo,1935-06-28,whitney71@example.net,(627)880-1090
363,Bryan Peterson,1945-11-11,mendezneil@example.net,224.960.9761x4256
364,Victoria Maddox,1966-12-19,michaelsmith@example.com,907.577.7464x09811
365,Maria Monroe,1986-06-11,benjaminholmes@example.net,328-375-4364x701
366,Holly Todd,1986-04-23,alyssadelacruz@example.org,001-794-326-1122x681
367,Laurie Lee,1990-02-10,glenda26@example.net,+1-664-382-3488
368,Carly Maynard,1966-05-17,tjimenez@example.org,001-962-922-9319
369,William Luna,1936-03-05,daryl66@example.net,977.346.3967x3316
370,James Armstrong,2001-01-27,melindaallen@example.org,533-623-3292x7727
371,Patricia Rivera,2010-06-21,owilson@example.org,(706)806-6365x52815
372,Jennifer Johnson,1927-10-17,jonesjohn@example.net,504-591-6727x318
373,Vanessa Rodriguez,1909-12-03,tmiller@example.org,001-655-501-4914x556
374,Jennifer Benton,1957-08-02,adamsaunders@example.com,8666186392
375,Christina Moore,1928-01-21,matthewramirez@example.org,744.922.7766
376,Heather Hopkins,1923-03-26,byrdstephanie@example.com,+1-577-709-3959x36636
377,Lori Knight,1991-03-06,edavis@example.org,(989)957-7883
378,Jennifer West,1996-10-13,tinachen@example.com,(685)438-1768
379,Michelle Hall,1973-08-01,bellsamantha@example.org,891.445.9572x2134
380,Lisa Diaz,2006-04-30,megan59@example.com,(312)834-4178x24793
381,Bryan George,1975-02-08,melissa87@example.com,+1-845-234-6162
382,Katelyn Hall,1910-07-20,rmayer@example.com,(380)858-0385
383,Janet Cherry,1940-10-03,michaelkelly@example.net,327-821-4000x0125
384,Jessica Wong,1975-05-21,davisscott@example.net,815-883-0880x96547
385,Kimberly Sanders,2021-01-09,derek87@example.org,001-436-208-7981x38663
386,Elizabeth Gonzalez,1939-04-24,nicholas57@example.net,424-629-8314x075
387,Eric Wood,1946-09-16,josephturner@example.org,894-205-9586x76484
388,Eric Sweeney,2004-05-16,kevin99@example.net,(844)398-0126
389,Michael Sherman,1959-08-02,dawnporter@example.org,661-509-8140x51764
390,Brandi Odom,1920-01-29,gwendolynweaver@example.com,(885)953-5170x471
391,Richard Mccarthy,1953-10-18,wlam@example.net,3803999037
392,Geoffrey Estes,2013-01-16,fosterjames@example.org,663-657-8224x12438
393,Henry Gray,1945-08-16,brandon63@example.com,+1-668-607-4755x751
394,Jennifer Mckay,1982-02-06,janderson@example.com,522.366.3878x710
395,Kimberly Stanley,1961-07-02,xjackson@example.net,330.227.3278x4117
396,Bob Gardner,2015-03-31,francischristopher@example.org,+1-390-575-7116x55052
397,Patricia Bennett,2001-12-15,mary29@example.com,001-581-559-6133x546
398,Natalie Price,1999-03-22,julie31@example.net,869-587-8463
399,Tammy Berry,1926-06-17,cynthiarobertson@example.com,(640)508-9581
400,Erika Sullivan,1995-10-13,dana61@example.net,718.546.9139x946
401,Jeremy Ortega,1967-01-31,itrujillo@example.org,(935)290-9770x07919
402,Kelsey Levy,1953-12-25,sjackson@example.org,202-615-3884
403,Katie Pittman,1990-05-16,timothybrown@example.net,001-355-671-0637x928
404,Kayla Miller,1973-07-29,nicholas39@example.com,286-231-4543x0031
405,Christopher Benson,2020-05-04,dixonshannon@example.com,(416)911-5356
406,Austin Reed,2019-09-20,edavis@example.org,718.982.8612x159
407,Anthony Roberts,1956-04-03,ajordan@example.com,(592)899-8695
408,Kenneth Allen,2020-11-13,marklittle@example.org,(247)334-7038
409,Chad Holden,1919-05-23,leetracy@example.org,001-583-976-5881x44892
410,Jo Mills,1949-08-12,isaiahperez@example.net,4095028052
411,Kathleen Jackson,1951-10-03,pkirk@example.org,001-813-529-0000x90169
412,Mary Morgan,1964-08-18,ubradley@example.net,941-897-4370x76931
413,Dawn Gomez,1952-08-11,lalvarado@example.net,792.783.1665x517
414,Brooke Rodriguez,1913-05-27,davidmacias@example.net,(574)330-2262x062
415,Stacy Vasquez,1910-11-28,wanda55@example.org,(855)253-7958x803
416,Amber Rivera,2022-05-16,bakerlaurie@example.org,582.913.1185
417,Holly Jarvis MD,1925-01-30,jenniferrodriguez@example.net,+1-976-530-5122
418,Aaron Myers,2002-01-06,clarkangela@example.org,203-270-4445x41455
419,Elizabeth Nelson,1990-02-03,michelleashley@example.com,455-924-0944x17340
420,Tamara Price,1925-03-17,dhunt@example.com,+1-870-739-2638
421,Samuel Parsons,2003-08-05,bakerchristopher@example.org,870.933.6157
422,Nicole Rhodes,1934-07-05,danielkeith@example.net,9502582763
423,Gail Hernandez,1991-01-08,zwebb@example.net,001-389-879-6925
424,Willie Saunders,1937-12-23,morganlisa@example.org,(525)668-0287x310
425,Katie Taylor,1985-10-09,nicoleingram@example.org,(821)417-5406
426,Molly Harmon,2013-11-14,michelle52@example.com,(778)681-7597
427,Tiffany Griffin,1941-07-27,larry48@example.net,(470)970-8156
428,Kenneth Shaw,1981-12-13,garciavalerie@example.org,+1-345-861-0086x649
429,Jacqueline Taylor,1956-10-23,khebert@example.com,(993)708-0838
430,Catherine Cook,2020-05-07,amandaglover@example.net,(436)714-0608x634
431,Brandon Silva,1954-05-18,bethcarroll@example.org,(946)602-8793x5451
432,Brittany Contreras,1935-05-10,watkinstyler@example.com,542.811.4643
433,David Patrick,2018-06-21,tomguerrero@example.net,(643)828-2051x52443
434,Stephanie Booker,1932-08-15,michael42@example.net,874.334.6180x348
435,Paul Thomas,1911-07-30,andrea08@example.net,(358)734-2429x56913
436,Joshua Castro,1952-05-25,fobrien@example.com,(712)395-3182
437,Kimberly Lawrence,1938-02-03,nicolejensen@example.com,461.533.0592x162
438,Mary Haney,1972-12-16,grace41@example.org,(756)958-2685x58620
439,Amy White,1984-08-06,kevinwilson@example.com,001-938-555-7649
440,Stacy Walker,1925-11-30,rgonzalez@example.org,(876)884-4054
441,Julie Franklin,1962-12-15,jason02@example.net,+1-365-487-8977
442,Jordan Norris,2014-08-25,yhall@example.net,001-227-999-8724x41706
443,Jennifer Beck,1951-07-23,davidwood@example.org,001-895-590-5854x3949
444,Aaron Myers,1966-04-05,llucas@example.com,337-833-3877
445,Tracy Watts,1967-07-04,sarah44@example.net,+1-854-595-0954x19537
446,Sarah Keller,1932-05-03,brownmatthew@example.org,323.205.1276x5023
447,Alejandro Adams,1943-05-11,roberthill@example.org,636-347-1030
448,Michael Maxwell,1951-06-10,leeeric@example.org,001-540-281-5548x1684
449,Robert Smith,1908-09-27,sloanelizabeth@example.net,+1-216-846-4752x062
450,Emily Wallace,1987-12-09,jacob65@example.com,432-738-6054x1915
451,Mrs. Shannon Cross DVM,1911-07-30,jesse79@example.org,+1-854-617-0728x9856
452,Emily George,2019-05-12,jmoore@example.com,001-238-894-4004
453,Albert Carter,2003-04-25,margarethuber@example.net,7466147924
454,Kathryn Clarke,2006-11-04,angellawson@example.com,+1-855-351-5533x9426
455,Jodi Patel,1936-08-17,stephenjones@example.net,+1-523-649-3535x9341
456,Helen Rodriguez,2023-01-26,sarahrobinson@example.net,001-204-677-1566x9451
457,Mr. Zachary Hobbs,2023-05-14,joseph07@example.org,501-977-0112x479
458,Justin Thomas,1972-04-07,autumnprice@example.net,7353515333
459,Carlos Stevens,1918-05-22,jacobdelgado@example.net,(936)564-4169
460,Walter Carpenter,1941-04-14,ycolon@example.net,001-794-521-0702
461,Ryan Guerrero,1933-06-25,phughes@example.net,245.829.2669x1405
462,Matthew Smith,1989-03-07,wilkinsadrienne@example.com,8419216376
463,Samantha Phillips,2018-05-19,bowersjennifer@example.net,211.684.2022
464,Debra Matthews,1925-10-29,hicksdonna@example.net,(908)226-8513
465,Travis Baker,1985-02-23,jeffreysnow@example.com,923-351-6657x398
466,Michael Bryant,1937-08-19,igomez@example.net,921.309.6458x747
467,Julian Robbins,1917-05-17,jesusjohns@example.org,(782)355-7154x2131
468,Dr. Sarah Valencia PhD,1916-09-01,christopher81@example.net,312.591.6732
469,Joe Hood,2023-01-06,loribrown@example.org,4272221351
470,Teresa Pratt,1917-06-24,jessica64@example.net,001-529-399-8735x86557
471,Travis Tran,1999-05-13,allenmatthew@example.net,001-358-428-3361x22703
472,Norman Gibson,1916-10-12,sfaulkner@example.org,216.677.8708x72253
473,Dennis Allen,2020-03-30,xwarren@example.org,625.931.9944x80947
474,Damon Davis,1988-04-26,prestonaustin@example.com,5668403815
475,Jamie Mayo,1911-03-24,rebecca92@example.com,001-440-250-5015
476,Natalie Jackson,1933-10-17,wilsonchristopher@example.org,732.959.5471x85952
477,Donald Thomas,1999-09-26,steven36@example.com,(347)486-0669x0304
478,Anne Lewis,1935-05-07,thomasbriggs@example.net,554.412.2971x37423
479,Kara Garner,1973-05-01,carolinerodriguez@example.com,810-220-9553
480,Justin Murphy,2018-12-28,morrisonkari@example.com,256-776-3705x8376
481,Bethany King,1987-03-21,markramirez@example.com,378-417-0968
482,Andrea Johnson,1990-01-20,angelafisher@example.net,4957814932
483,Randall Solomon,1954-11-17,mhall@example.net,+1-834-684-9130x8761
484,Shawna Mitchell,1923-01-31,johnwilson@example.net,001-919-914-4028
485,Carl Camacho,2024-05-03,angelahubbard@example.org,(911)773-6909
486,Pamela Perez,1945-07-27,eatonchristopher@example.org,938.435.2072x0246
487,William Harris,1940-05-23,sandraanderson@example.com,+1-256-735-9223x7332
488,Victoria Velazquez,1968-11-21,ydaugherty@example.net,(478)556-6998x522
489,Stacy Chapman,1938-07-13,lbecker@example.net,697.692.8687x93332
490,Alex Sanders,1997-03-22,davidjohnson@example.net,441-572-6034x16081
491,Jenna Fernandez,1919-08-16,john47@example.com,217.701.4080x62450
492,Jason Simpson,2008-01-26,jessicacollier@example.com,+1-563-474-7167x7260
493,John Graham,1928-12-22,robertpowers@example.net,+1-569-569-4415x59723
494,Jose Hernandez,1992-12-08,thomas71@example.com,001-763-493-8221
495,Suzanne Gross,2018-09-16,holly18@example.org,+1-905-910-5517x905
496,James Phillips,1939-10-10,gwilliams@example.net,+1-747-895-6525x6192
497,Adam Gregory,1976-10-25,stephen93@example.org,001-454-983-1249x96887
498,Kelly Bishop,1933-05-01,rodriguezsteven@example.com,001-609-523-4772x60754
499,Keith Wright,2023-01-12,craigmitchell@example.org,204.495.4246x1006
500,Craig Gonzalez,1936-06-01,carterchristian@example.net,864-610-9730
501,Joseph Chung,1913-05-25,ddavis@example.net,3577722127
502,Anthony Le,1960-01-29,michaelgarrison@example.net,(944)539-3058
503,Douglas Clark,1988-01-02,richardsonbrianna@example.net,976.440.6816x45471
504,Sheri Rivas,1937-01-12,goodwindaniel@example.org,(840)637-4982x012
505,Jesse Thomas,2018-11-21,daykatherine@example.com,001-403-796-6313x3032
506,Tammy Roberts,1939-06-13,tjimenez@example.org,212-539-3759x9257
507,Brenda Frost,1962-06-16,gilberttyler@example.net,(624)588-1657
508,Connie Johnson,1996-12-18,seancortez@example.org,816.245.3276x69796
509,Erica Valencia,1977-10-01,njensen@example.com,+1-512-934-1012x0483
510,Robert Anderson,1973-08-10,wellskeith@example.net,(953)375-7128x1143
511,Joshua Nguyen,1966-04-26,griffinamanda@example.net,884.886.6211
512,Alexandra May,1973-08-28,robertreilly@example.com,564.469.4743
513,Andrea Dunn,1924-05-19,umorris@example.org,945.933.5133
514,Danielle Ingram,2013-04-13,andrew32@example.net,448.763.7490x190
515,Sonya Foley,1992-01-06,zwalker@example.com,2334127238
516,Robert Scott,2003-08-16,ksmith@example.org,400.588.0945x294
517,Ms. Veronica Mitchell,2020-10-16,zachary12@example.com,688-653-8645x445
518,Nicholas Romero,2006-01-29,thomas24@example.org,(344)555-5578x037
519,Donald Sanders,1925-05-27,lblanchard@example.net,001-487-898-3963x321
520,Aaron Williams,1976-03-26,troypalmer@example.org,235-617-8954
521,Brianna Payne,1923-01-09,nbowman@example.net,850-611-1902x75511
522,Dustin Dunn,1978-02-07,slambert@example.org,+1-608-705-4509x721
523,Krystal Mckenzie,1983-12-15,mitchell19@example.com,(977)781-9847
524,Joshua Berry,1952-01-27,kruiz@example.org,4376140126
525,Sharon George,1938-01-25,philliplopez@example.com,856-495-9879x05207
526,Jacob Fowler,2000-12-16,fgeorge@example.org,557-652-3000
527,Spencer Santiago,1929-08-16,utaylor@example.net,508-693-1409
528,Jacob Cardenas,1951-09-15,wsanchez@example.net,(506)482-1095
529,Mark Smith,2020-11-26,lawrenceamanda@example.org,287-415-1905x3090
530,Aaron Lopez,1969-08-22,matthew88@example.org,001-571-803-9773x448
531,Debra Vargas,2023-03-31,nmorales@example.net,001-467-211-6040x80566
532,Paul Simmons,2012-05-08,hickskimberly@example.org,+1-926-998-1555
533,Keith Brown,1976-10-22,fmiller@example.org,515-765-4215
534,Gregory Melendez,1945-11-02,smithrhonda@example.com,263-251-5856x84362
535,Melissa Rivera,1914-01-30,qdavis@example.net,884-697-2447x9507
536,Jermaine Cruz,1978-06-16,beverlylynch@example.net,(308)544-0796x27295
537,Lori Holmes,1959-09-12,timothyflores@example.com,(630)546-6420
538,Lori Miller,2021-01-05,marcushernandez@example.com,(682)710-9049x24582
539,Kelly Henderson,1956-03-26,frank67@example.com,001-831-909-1047x904
540,Annette Alexander,1987-07-08,dana05@example.net,4927441838
541,Dana Fox,1985-10-27,steeleerin@example.org,+1-730-845-9047x113
542,Mallory Golden,1932-11-27,richnancy@example.com,539.744.5801
543,James Park,1936-10-04,fernandobeck@example.org,001-218-964-1979x3422
544,Robert Kirk,1959-08-23,deborah59@example.com,652-692-5796x128
545,Julie Ward,1961-06-28,thughes@example.com,877.522.8214x651
546,George Roberts,1909-09-19,smeyer@example.org,296-407-1685
547,Timothy Smith,1973-02-01,ejohnson@example.org,935.584.9896
548,Denise Flynn,2016-12-02,elizabethmartin@example.net,+1-729-416-7064x26243
549,Savannah Santos,2001-05-03,sotogina@example.net,+1-621-826-0829
550,Christine Guzman,1944-12-23,james13@example.org,001-923-903-2381x20605
551,Dr. Joseph Hunter,1955-09-25,vincent80@example.com,+1-598-303-0214
552,Thomas Green,2013-06-06,jessica86@example.org,001-608-701-1204x41597
553,Tracie Martin,1943-05-02,melanie91@example.com,001-715-952-8288x31492
554,Paul Rivera,1917-05-22,marklowery@example.com,001-364-675-8695x17228
555,Benjamin Anderson,1976-04-11,elizabeth45@example.com,(516)253-6328x17649
556,John Smith,1926-12-23,baxterbruce@example.com,451.802.2795x047
557,Amy Smith,1937-11-03,pamela82@example.org,5187784566
558,Kathryn Griffin,2000-08-30,jortiz@example.net,924.742.9874x61306
559,Robert Daniel,2001-07-29,wolftony@example.com,667-209-6812x4419
560,Miss Tracey Durham,1911-06-25,stephenstiffany@example.net,(372)870-9163x611
561,Robert Fry,1941-10-23,russellmary@example.net,+1-738-627-9498x715
562,Eric Norman,1999-11-03,cheryl99@example.org,546-659-1853
563,Eric Perry,1923-05-31,daniel10@example.org,892.594.0761x00736
564,Jennifer Fisher,1952-07-26,harriscaitlin@example.com,704-658-5744x437
565,Jordan Mcconnell,2001-11-23,raymond09@example.com,887-221-4199x863
566,Michelle Ramos,2011-05-29,jonesrussell@example.com,001-288-214-2431x08193
567,Gary Burke,2010-01-03,travis62@example.net,599-989-7601x49967
568,Cindy Castillo,1940-05-26,michaelsandoval@example.net,394.992.4906x4619
569,Chelsea Fuller,1913-10-22,leedavid@example.net,223.408.7930x55002
570,Ryan Reed,1983-10-07,sherrymccoy@example.org,(295)899-8833
571,Kyle Morrison,2024-02-16,browngregory@example.net,702.945.3161x18250
572,James Byrd,1952-09-29,woodmelinda@example.org,4855946481
573,Jared Jackson,1999-08-03,fgibbs@example.net,(480)924-7299
574,Jose Hayes,1972-07-02,james02@example.org,+1-338-928-7863
575,Jessica Harrison,1948-06-05,franksummers@example.net,278-798-8445x9584
576,James Walters,1930-08-11,patrick35@example.com,001-296-736-4740x90287
577,John Garcia,1943-01-03,phamluke@example.com,(634)429-3620x4247
578,Jeffrey Greene,1987-03-19,stevendavid@example.net,720-893-3818x84589
579,Christopher Walker,1988-06-08,benjaminsimmons@example.net,001-809-217-8482x86411
580,Amber Bowman,1996-04-29,davisstephen@example.net,+1-647-627-5867x125
581,Haley Robinson,1999-06-13,prattchristopher@example.com,9666431261
582,Karen Powell,2008-11-19,tina07@example.net,759.419.0082
583,Wanda Hogan,1954-06-10,xmurphy@example.com,7042792180
584,Christopher Campos,1999-05-11,fgonzalez@example.com,845.607.7728
585,Tyler Hardy,1960-05-11,torresanthony@example.com,001-202-759-5956
586,Seth Jones,1921-05-19,zhendrix@example.org,448.720.2464x9703
587,Nicole Garcia,1917-12-31,wtorres@example.org,(572)640-7214x704
588,Erica Swanson,1908-09-21,singram@example.org,(397)807-7176x47369
589,Christina Brewer,1955-04-09,dbaker@example.com,516.274.3341x46503
590,Kimberly Hale,1996-01-20,edwardsdawn@example.org,313-407-9172x891
591,Robert Lee,1973-07-29,keith85@example.com,918-546-9628
592,Thomas Mcdowell,2013-05-07,joseph72@example.org,372.647.6811x09557
593,Emily Parker,2019-08-29,christian04@example.org,640.739.1464
594,Larry Carroll,1908-09-08,smunoz@example.org,250-488-9465
595,Dustin Holden,2004-07-06,dporter@example.com,7689482587
596,Kevin Smith,1977-09-29,courtney75@example.org,+1-272-468-6250x061
597,Evan Elliott,1948-06-11,armstrongerin@example.net,3976948547
598,Valerie Harmon,2007-06-09,joannlarson@example.net,(575)777-9456
599,Lynn Palmer,1963-04-02,kenneth87@example.net,946-608-4165
600,Richard Guzman,1970-08-05,kellydorsey@example.org,927-751-2746
601,Melissa Martin,1922-09-23,stevensjared@example.net,463.507.2496x06266
602,Alicia Cooley,1989-06-12,desireeskinner@example.org,888.280.2534x9151
603,Shelley Green,2006-12-02,ywilliams@example.com,(972)441-0196
604,Taylor Stanton,2022-12-16,klucero@example.net,232.560.8315x37994
605,Karen Davis,2012-02-23,emilykeller@example.org,(483)964-7926
606,Mason Thompson,2001-07-01,jarvisjennifer@example.net,782.707.3146x994
607,Robert Benton,1990-11-14,thomas23@example.net,001-698-934-7755x0281
608,Dana Russell,2005-03-13,richardrodgers@example.org,+1-894-310-7941x70174
609,Elizabeth Black,1989-07-13,goconnor@example.org,505.837.6065x023
610,Virginia Peterson,1956-11-29,awhite@example.com,(439)750-1315
611,Ryan Mitchell,1944-06-16,justinowens@example.org,618.225.0669x575
612,Peggy Williams,1928-07-19,pware@example.org,+1-322-516-0214
613,Kevin Perry,1930-10-03,jennifer53@example.org,+1-626-819-4958
614,Krystal Warner,2011-10-12,wallacenicole@example.com,555-852-3906x94865
615,Jonathan Johnson,1977-02-24,ihoward@example.org,951-806-6534
616,David Rogers,1925-03-10,karen91@example.com,337.491.8297x3396
617,Morgan Miller,1974-12-04,nforbes@example.org,(413)230-1988x14842
618,Gwendolyn Brown,1998-05-29,cody31@example.org,(649)621-6198x29201
619,Joseph Moore,1941-05-04,fdiaz@example.com,492.529.8753x6046
620,Andrew Martin,1956-05-21,marvingray@example.com,(523)911-2277x346
621,Paul Flynn,2016-02-12,lucasdarius@example.com,(698)450-8650
622,Donald Mclean,1967-01-12,fsullivan@example.com,(642)930-5964x46334
623,Bethany Zavala,1912-07-26,jwilliams@example.org,350-485-9239x5148
624,Deborah Fischer,1988-07-12,jacobfranklin@example.org,641.401.2715x24208
625,Jeffrey Beard,1955-01-01,amandadrake@example.com,(642)380-1326x465
626,Lori Mullins,2003-05-30,ohorn@example.org,+1-598-951-1776x105
627,Joseph Mcdonald,1931-07-10,chandlerreginald@example.org,559.650.5852
628,Vincent Huang,1943-02-20,osimmons@example.com,+1-769-525-9885
629,Matthew Perez,2022-09-26,wallacederrick@example.com,001-805-407-3006x412
630,Sara Blackburn,1987-11-20,jon18@example.org,+1-201-753-7811x854
631,Jordan Harris,1955-08-12,woodsmary@example.net,001-377-399-9409
632,Danny Singh,1964-10-17,greenangela@example.net,675.744.7019
633,Regina Anderson,1981-04-21,barnesalex@example.com,+1-365-257-8093
634,Lynn Houston,1965-10-19,stephenmorris@example.org,+1-539-738-6136x02951
635,Mr. Trevor Stephens,1931-10-25,xjensen@example.net,+1-314-221-1030
636,Angela Lewis,1959-05-03,jfischer@example.com,229.850.2781x4195
637,Amber Frost,1992-10-20,rcalderon@example.net,(444)524-3301
638,Mitchell Johnson,1921-12-16,victoriavasquez@example.com,+1-519-205-3011x682
639,Bradley Jones,1956-12-27,jasminewilson@example.net,(405)887-7138
640,Mallory Murphy,1962-08-22,collin51@example.com,+1-702-789-3659x40280
641,Scott Leonard,1944-03-22,vwashington@example.org,249-952-6202x023
642,Wayne Daniels,1945-10-28,keithcourtney@example.com,(704)642-1661
643,Brenda Chen,1922-12-03,kimberlygarcia@example.org,(987)863-1573x3257
644,Nicholas Lane,1982-08-05,acostamatthew@example.org,+1-672-447-0525x9354
645,Heather Thomas,1968-06-28,qduffy@example.com,001-236-670-5733x718
646,Samantha Perry,1919-12-26,vmarsh@example.net,001-861-673-1334x219
647,Melinda Marshall,2018-11-29,danny68@example.org,349-681-7397
648,Douglas Lawson,1955-04-14,john53@example.net,001-571-390-8613x846
649,Timothy Rivera,1917-07-03,kimberly68@example.org,+1-507-974-4257x80179
650,Kenneth Dennis,1929-10-08,ghale@example.com,001-663-733-9110x46459
651,Terri James,1923-12-02,flynnjeremy@example.org,2096939714
652,Julie Hernandez,2010-07-29,barnesallen@example.org,(774)688-2286
653,Patricia Moore,1964-11-25,danielwright@example.net,+1-276-784-7670x95197
654,Mrs. Joann Clay,1963-02-21,fjohnson@example.net,284-539-3273x78856
655,Kristin Cooper,2013-08-07,nicolemurray@example.org,715-891-4333x7403
656,Donna Cisneros,1971-07-23,tstewart@example.net,388-203-2521
657,Zachary Garrett,1966-04-14,sarah85@example.net,001-750-286-9768x4613
658,Jamie King,1919-01-29,billyfrazier@example.org,899.608.9722x1421
659,Stephen Goodwin,2019-11-14,malonebrian@example.com,5778754187
660,Alan Hunt,1975-10-14,charlestaylor@example.net,001-320-423-9720x23256
661,Amanda Randall,1975-09-17,pmccoy@example.org,755.730.1950x2257
662,Mary Griffin,1982-07-27,burnsjeffrey@example.org,(528)429-8843x5090
663,Sherry Leon,1986-12-24,smithtiffany@example.org,838-444-8261x293
664,Lisa Townsend,2004-12-30,velazquezsean@example.net,(757)619-5077x1234
665,Jessica Poole,1953-11-16,anthony34@example.net,+1-988-927-8349x1881
666,Sheryl Miller,1955-01-28,anthony19@example.com,412-539-3235
667,Derek Miller,1994-07-26,jenniferjordan@example.com,208.913.3294
668,Scott Ross,1952-07-21,ggreen@example.com,525-227-4090
669,Angela Lee,1981-09-10,ejones@example.com,813.779.0796x28765
670,Aaron Jimenez,2016-09-06,tammy69@example.org,307.907.2416x13589
671,Alexandra Oneal,1973-09-10,fthomas@example.net,001-985-746-6699x21555
672,Tammy Roberts,2019-04-12,jaime94@example.com,(392)740-4465
673,Lisa Diaz,1990-08-02,robertburgess@example.net,(410)854-9290
674,Jenny Adams,1924-07-07,anthonypugh@example.net,(998)816-3560x37593
675,Brittany Duffy,1932-12-27,henryhoward@example.org,398-691-4392x2211
676,Katherine Warren,2002-07-14,zachary45@example.net,001-317-838-4157x1116
677,Steven Cobb,1908-09-25,nicholas82@example.net,659.410.9850
678,Samuel Chambers,1943-06-20,ysalazar@example.org,001-772-602-5875
679,Cynthia Hall,2000-07-07,marcushaynes@example.org,001-498-913-9552
680,Fernando Houston,1910-08-13,cunninghamlisa@example.org,722-520-4033x73317
681,Jennifer Howell,1971-11-30,tlopez@example.com,001-345-935-3571x13985
682,Carl Ball,1969-06-01,ngraham@example.net,717.881.0770
683,Blake Smith,1996-08-25,reynoldsstephen@example.com,001-939-916-4759x749
684,Daniel Richardson,1923-03-18,kmays@example.com,001-406-761-9266
685,Lorraine Johnson,1909-03-16,djimenez@example.net,665-556-5200x689
686,Lance Perry,1944-01-22,christie30@example.net,5203153813
687,Amy Weaver,1921-04-09,randyhull@example.net,242-778-3973x2989
688,Casey Macdonald,1955-04-03,mathewsricky@example.com,574.522.3077x07971
689,Summer Lewis MD,1927-09-03,stephen99@example.com,574.639.2912
690,Jennifer Smith,2011-09-12,timothy32@example.org,(328)988-4383
691,Kellie Keith,1945-07-08,rhondasmith@example.net,739-422-7411
692,Ronald Weeks,2016-10-20,cbrennan@example.org,464-891-1893x8190
693,Nicole Webster,1958-08-12,aimeejohnson@example.org,398-767-2286x231
694,Sheila White,1989-01-07,grahamelizabeth@example.net,591.339.7687x573
695,Brett Mack,1922-11-13,kimhowell@example.org,+1-565-726-4228x203
696,Rodney Ramirez,1974-07-30,boyerdebbie@example.com,(648)517-1048x938
697,Stephanie Young,1951-02-27,alexandertodd@example.org,(910)973-8596x599
698,Harold Wright,1921-01-01,ballen@example.net,463.413.4865x356
699,Katie Thornton,2013-06-05,eatonchristina@example.net,(775)755-9645x136
700,Charles Briggs,1975-09-13,william46@example.net,978.952.4894
701,Larry King,1976-11-12,isabellawells@example.net,001-561-322-9191x13839
702,Andrew Harris,1909-12-02,phillipmoore@example.com,(206)604-0586x5800
703,Martha Klein,1982-03-17,hallisaac@example.org,+1-932-440-4942
704,Jared Wright,1994-12-31,turnermichael@example.net,(398)454-4966
705,Savannah Munoz,2011-09-29,gbridges@example.com,+1-926-325-6560x7308
706,Joseph Hill,2003-02-13,charlesnguyen@example.org,+1-333-568-4858
707,Robert Aguilar,1916-08-06,julian38@example.com,472-536-5168x490
708,Daniel Moore,1909-04-15,williamsjessica@example.com,001-343-426-2893x68148
709,Joshua Nelson,1944-12-09,vbaker@example.org,001-960-753-2933x202
710,Mr. Gary Howard,1946-04-20,lauriewalker@example.net,615-369-9860x743
711,Grant Perez,1984-08-20,timothybrown@example.org,750.587.3221x12590
712,Michael Gomez,1976-08-10,benjamin24@example.org,492-674-1993
713,Eric Hoffman,1972-05-13,hwilliams@example.com,001-756-896-2011
714,Brian Ramirez,1946-02-04,mileskelly@example.net,001-984-409-2925x938
715,Tanya Mcmillan,2021-09-28,reneefoley@example.net,(486)891-7070x0945
716,Tammy Schmitt,1913-08-08,patrickscott@example.com,2225528822
717,Valerie Garcia,2000-08-20,whernandez@example.org,+1-205-956-0896x0055
718,Miguel French,1963-12-07,mbrown@example.com,6165578140
719,Joyce Boone,1951-06-11,amanda95@example.com,(693)714-0945
720,Tanya Roberson,2009-01-10,georgehoward@example.com,302.344.8845x9906
721,Suzanne Conway,1999-03-19,meghanharper@example.org,(641)310-2750x375
722,Daniel Terry,2018-11-01,howardshane@example.org,765.867.3959x39419
723,Patrick Robinson,1935-06-06,khodges@example.com,+1-446-265-6568
724,Peter Bennett,2019-05-30,stephenmoss@example.net,209-570-7320x182
725,Deborah Mcdonald,1963-08-26,phillipstrevor@example.com,(633)609-7295
726,Mr. Allen Dyer Jr.,1948-09-21,christopherlane@example.org,464-798-9011x60215
727,Kyle Evans,1932-07-15,joseph64@example.com,392.558.4066x12712
728,Luis Wright,2002-12-05,murrayrebekah@example.org,(615)613-4065x1107
729,Dr. Sydney Moore,2003-05-19,nelsonnatalie@example.com,966.269.3169x536
730,Melvin Juarez,1954-06-07,millerbrandy@example.org,(270)758-7771
731,Kathleen Anderson,2016-09-17,garrisonbrenda@example.net,3609317713
732,Kayla Reese,1969-04-18,cdavis@example.com,897-253-7224
733,Martin Brown,1915-03-24,matthewpope@example.com,514.581.9055x8555
734,Laura Green,1947-05-03,hbecker@example.com,(578)525-3166
735,Douglas Bradley,2011-09-14,hansenedward@example.org,+1-885-729-7300
736,Carrie Gallegos,1924-08-18,tiffanybrown@example.org,+1-485-340-4490x63812
737,Joshua Garcia,1915-08-04,tgutierrez@example.com,(804)744-0916
738,Margaret Sanchez,1925-09-10,heathergibson@example.org,+1-323-204-2638x456
739,Christina Webb,1923-09-06,burkefrancisco@example.com,279.536.9954
740,Susan Walter,1994-02-24,tiffany13@example.com,541-499-1291x27413
741,Dustin Garcia,2012-06-27,loridavis@example.net,+1-272-744-6972x1462
742,Darren Watson,1994-03-17,gregory65@example.com,212-697-7634x846
743,Haley Hansen,1979-08-03,kelly82@example.net,+1-455-477-1398x6299
744,Eric Thompson,2015-11-22,davisanita@example.com,(850)357-7024
745,Alexandria Fuller,1951-10-09,uhoward@example.com,492-289-3835x324
746,David Howe,1935-07-02,vjones@example.org,(742)312-1931x93482
747,Michael Duke,1941-08-12,smithtimothy@example.net,(516)367-2518
748,Robert Ramsey,1909-05-05,eric06@example.org,840.651.2193x94678
749,Stephen Green,1921-05-18,qmcdaniel@example.org,702-627-8545x2876
750,Christina Wilson,2007-05-22,jacqueline28@example.com,726-960-3167x5582
751,Gabriel Le,1933-04-13,nellis@example.org,255-983-0812
752,Katherine Swanson,2016-04-06,brownbrandon@example.net,(994)923-2858x725
753,Paige Everett,2001-10-22,barnesjennifer@example.com,001-405-727-3673x9458
754,Edwin Castaneda,1970-05-24,ywilliams@example.net,(215)899-3540x379
755,John Mccann,1928-10-05,rellis@example.org,+1-419-230-0811x5415
756,Elizabeth Cook,1920-10-29,john69@example.org,001-295-850-9366x83992
757,Darius Tyler,2007-02-11,lindsey70@example.com,418.344.8434
758,Deborah Edwards,1948-07-03,stephanie65@example.org,001-719-773-7598x369
759,Timothy Ray,1931-07-08,laura84@example.org,636.339.7020x8033
760,John Buchanan,1915-11-20,david78@example.com,+1-254-598-5468
761,Ashley Pope,1915-05-07,wmoore@example.org,(329)903-2170
762,Karen Roman,2014-02-08,hodgesnichole@example.com,666-529-7593
763,Melissa Chan,1994-09-17,michaela00@example.net,520-472-6888
764,Tracy Miller,1995-06-18,pacesusan@example.com,001-490-267-7751x2489
765,Carla Lee,1958-12-14,ortegaheather@example.com,001-630-933-8969x06345
766,Jimmy Tate,1912-06-21,sandra29@example.net,505-312-4099x44698
767,Terry Calhoun,1941-06-01,randrews@example.org,(952)937-9415x2915
768,Mary Cook,1919-10-17,msanchez@example.org,001-907-964-9598x9621
769,Donna Castillo,2013-01-31,fsmith@example.org,001-837-783-2574x6811
770,Lauren Reese,1961-01-14,dawn86@example.com,(429)878-1434
771,Mrs. Allison Ortiz,1940-06-17,tanya69@example.com,(820)420-6837x440
772,Janet Johnson,2008-02-03,cannonaustin@example.net,(942)410-3905
773,Nicholas Grimes,2000-01-16,dhull@example.org,668-324-7993x70658
774,Richard Crane,1927-08-24,khines@example.com,+1-947-803-0084x915
775,John Moore,2014-01-23,christopher15@example.com,451.249.6906x3393
776,Mrs. Melissa Davis,1935-08-02,alisonortega@example.org,523-725-8870
777,Kathleen Gonzalez,2004-11-30,jordanthomas@example.net,(274)258-3147x3538
778,Taylor Pacheco,1927-07-29,alexandernicholas@example.com,(734)454-9163x058
779,Jeff Larson,1995-08-27,brian19@example.org,+1-839-502-7793x2548
780,Phyllis Miller,1963-06-02,gibsongary@example.org,001-803-997-4442x35300
781,Nicole Kaufman,1984-11-28,lcross@example.com,(752)890-4234x95122
782,Mr. Jason Walker,1935-03-20,ashleylopez@example.net,9459583425
783,Ashley Hawkins,1947-03-21,ndaugherty@example.com,684-826-5839x4414
784,Eric Knox,1919-06-01,wrightapril@example.org,252.206.3140
785,Eric Dennis,1913-08-03,justinoliver@example.com,897-499-7555x754
786,Corey Marsh,2020-09-18,lawsonjohn@example.org,230.833.8274x0903
787,Karen Pratt,1978-06-04,elizabethdunn@example.net,2168693052
788,Kim Arnold,2000-06-25,zbrown@example.net,671.409.5766x868
789,Kimberly Saunders,1944-07-10,ryancarson@example.org,(648)399-9096x02826
790,Peggy Aguirre,1977-10-01,donaldward@example.org,+1-356-239-2376x8031
791,Jennifer Todd,1909-12-19,alvarezkenneth@example.com,927-342-3981
792,Jessica Adkins,1993-09-26,amandaharrison@example.org,251-934-2099x66283
793,Daniel Arnold,1925-03-18,marshallkimberly@example.com,680.763.6525x777
794,Pamela Torres,1926-11-18,robinsonanthony@example.com,959.262.2983x7706
795,Dr. Mike Castaneda,1920-09-26,johnsonadrian@example.org,+1-749-997-6072x71426
796,Lisa Ochoa,1971-12-26,hwolf@example.com,4529693415
797,Jordan Nolan,1939-04-05,aaron59@example.net,(597)478-0754
798,Jessica Floyd,1969-07-25,sandrahoward@example.net,+1-203-596-7507x63424
799,Vincent Wall,1995-03-24,pricelee@example.net,803-840-2457
800,Juan Walton,1944-09-29,michaelbishop@example.com,7478930273
801,Heather Guzman,2008-02-19,samuel78@example.org,001-451-931-4925x91803
802,Cynthia Zavala MD,2009-03-31,scott36@example.com,854.901.6075x9947
803,Courtney Garcia,1918-12-31,christina68@example.net,(597)948-1488x00727
804,Joy Davis,1973-10-16,henrymiller@example.com,+1-892-341-5394
805,Jeffrey York,1931-05-16,scottantonio@example.net,688.941.9664x9691
806,Ronald Kim,1971-12-03,lamjasmine@example.com,+1-673-420-8951x3407
807,Jorge Robinson,1997-09-27,tina81@example.com,(947)605-2064x695
808,Paul Allen,2001-09-30,egriffith@example.org,(626)677-8635
809,Sherry Cobb,1980-04-26,jonrodgers@example.net,463-231-8577x797
810,William Scott,1983-08-22,martinezbenjamin@example.net,(951)764-7408x3618
811,Mrs. Alicia Bartlett MD,1999-09-08,bowersryan@example.com,883-776-6276x09203
812,Robert Baker,1943-11-08,davidelliott@example.net,001-225-821-5092x416
813,Noah Burns,2006-05-18,jesseholland@example.com,703-958-6526x1012
814,Nathaniel Rice,1952-10-05,lrubio@example.org,5464277206
815,Richard Hubbard,1989-01-10,gsullivan@example.net,491-685-9664x59894
816,Aaron Coleman,1957-12-18,danielle47@example.com,687.377.9513x0939
817,Andrew Fernandez,1999-06-07,dustin50@example.com,+1-541-503-2525x158
818,Mark King,1949-09-06,kristy70@example.net,001-329-853-2182x48706
819,Sarah Hardy,2010-08-21,froman@example.net,502-362-6811
820,Julie Mckenzie,1963-01-28,fmitchell@example.net,(744)666-8452x412
821,Dominique Johnson,1996-12-06,william35@example.com,+1-864-996-0999x3008
822,Kim Harding,2011-01-14,johnbenson@example.net,610.260.2581
823,Cody Perez,1996-07-30,coryjohnson@example.com,+1-711-784-7433
824,Bradley Clark,1978-07-23,eglover@example.com,+1-759-624-4379x1213
825,Lauren Montes,1969-05-25,lee82@example.org,424.704.3572x99616
826,Melissa Johnson,1982-01-17,samanthawalsh@example.net,607.321.3567x704
827,Robert Castillo,1925-12-01,yvonneross@example.com,(990)845-3771
828,Sheila Hurst,1997-09-28,joshua98@example.org,866.600.3018
829,Dr. Julie Sparks,2017-09-06,zjimenez@example.com,+1-547-442-4684
830,Heather Sharp,2017-11-16,peterdixon@example.org,(616)947-4714
831,Alicia Barton,2010-01-04,christine41@example.com,+1-748-796-6740x45827
832,Kathleen Medina,1954-05-09,rburns@example.com,(930)758-9630
833,Nicole White,1960-03-09,ttaylor@example.org,+1-391-732-7924
834,Craig Diaz,1982-11-26,elijah52@example.com,579-389-9036x920
835,Jessica Martin,1994-06-10,pamhogan@example.net,+1-865-297-8509x145
836,Alicia Williams,1995-12-29,lozanojudith@example.com,700-964-8560x195
837,David Howard,2008-03-29,tcrane@example.com,+1-572-873-9279
838,Ashley Porter,1997-02-13,catherine98@example.net,397.759.8801x081
839,Mr. Michael Austin,1933-01-20,paul64@example.org,951.778.7935x11656
840,Kristin Walls,1912-01-15,dawn91@example.net,(933)777-2604x77507
841,Jacob Stafford,1963-06-15,mkrause@example.net,001-482-609-7311x2291
842,Erin Wilson,1947-10-06,lindsay66@example.net,001-884-705-2721x4247
843,Jasmine Phillips,1944-05-18,fbell@example.org,001-209-465-5189x4508
844,Krista Johnson,2009-02-04,kwall@example.com,+1-527-755-9910x28768
845,Jessica Lowe,1986-11-19,brownkristopher@example.org,671.345.4906x420
846,Ronald Avila,1947-05-06,mendezjamie@example.com,6354728827
847,Tiffany Potter,1942-06-17,elizabeth96@example.org,001-943-998-3640
848,Kelli Montgomery,2019-01-09,andrewbaker@example.com,8576346305
849,Wendy Whitehead,2001-05-28,brucecox@example.com,(538)981-1954x2339
850,Brandon Morales,2019-11-21,hramos@example.net,440-824-8021x143
851,Jackson Moore,1941-11-29,tinalawrence@example.net,+1-261-230-7839x371
852,William Jordan,2003-08-01,waterstaylor@example.net,543.976.3653x3062
853,Tyler Archer,1941-08-22,abigailhoffman@example.net,+1-743-461-0837x8689
854,Jason Williams,1941-01-14,justin11@example.net,210-933-9108x421
855,Janet Tucker,1930-12-09,dwilliamson@example.net,226.332.0787
856,Dawn Weiss,1951-08-16,jimmy33@example.com,(909)684-5894x0801
857,William Brown,1979-12-11,qconway@example.net,918.676.6372x105
858,Todd Blake,1951-09-19,bbenson@example.com,(521)597-4958
859,Gregory Choi,1958-03-09,jonathan56@example.net,4207632282
860,Lacey Taylor,2012-03-19,framos@example.net,(745)901-0199x28815
861,Timothy Montoya,1947-01-27,reidblake@example.net,(548)809-9149x214
862,Chad Duarte,1928-02-07,joshua57@example.org,515.973.2771x9065
863,Sarah Young,1917-08-29,larsonspencer@example.net,903-688-3794x600
864,Joann Tran,1971-01-14,shawpriscilla@example.com,394-401-6825x818
865,Lisa Thornton,1990-03-10,whitneycatherine@example.org,(731)264-4053
866,Alicia Johnson,1918-01-22,yclay@example.org,(651)845-1881
867,Kevin Evans,1969-09-02,boonepaul@example.net,(233)887-9861x80579
868,Mrs. Catherine Johnson,2019-02-25,suzannecarter@example.org,001-262-376-1464x88606
869,Christopher Thompson,1988-08-14,melvingarcia@example.com,(840)946-0772
870,Megan Williams,2011-04-15,stephanie77@example.net,+1-348-673-9491x407
871,Mario Parker,2000-04-01,thompsonmark@example.com,+1-802-806-4595x991
872,Mark Flores,2001-07-03,veronicasmith@example.com,001-428-811-6297
873,Amber Blankenship,1987-11-16,sean09@example.net,800-316-9924
874,Daniel Lee,2013-12-28,hollyhoffman@example.net,+1-807-851-1694
875,Casey Porter,2015-12-07,rmurray@example.com,733.632.3031x3853
876,Andrew Adams,1967-06-18,bmartinez@example.org,4087045849
877,Joan Phillips,2016-02-05,diane49@example.org,273-304-4249x024
878,Robert Dixon,1958-03-10,lindseyrobertson@example.com,001-319-390-1886x98079
879,Jason Gardner,1982-09-29,wcollins@example.org,+1-891-967-3414
880,Samantha Allen,1934-06-08,mccoystephanie@example.org,+1-768-704-8057x67741
881,Mary Green,1984-04-03,oevans@example.org,342-266-9700
882,Jason Norris,1990-01-25,crystalsmith@example.net,(334)793-2168x0764
883,Robert Miller,1950-03-19,ykelly@example.com,(332)496-4013
884,Ashlee Hunt,2005-05-13,rarnold@example.com,2703001272
885,Alexis Choi,1963-01-13,michaelesparza@example.com,4878631507
886,James Brown,2022-01-21,sharoncarpenter@example.net,+1-912-628-0024x471
887,Brian Dillon,1919-06-28,jeffreylopez@example.com,936-351-8067x70083
888,Stephanie Harris,1987-06-25,denisereyes@example.net,(201)820-0992
889,Richard Jones,1914-10-11,todd84@example.net,+1-831-529-9203x6617
890,Mrs. Jessica James,2024-07-27,leslie39@example.net,(919)918-2612
891,Jessica Olsen,1935-09-09,scottevan@example.com,5024558406
892,Mr. Anthony Jones DDS,1980-05-16,alanhenson@example.org,953-270-5984
893,Christopher Hicks DDS,2015-02-02,wadezachary@example.net,+1-229-243-2361
894,John Hernandez,1951-07-04,hallcory@example.org,(615)703-7603
895,Robert Lewis,1911-01-10,owensrobert@example.net,+1-814-760-9890x083
896,Nicole Gillespie,1945-03-13,iflowers@example.org,+1-777-406-1398
897,Sharon Garcia,1910-12-19,brownjoseph@example.org,+1-924-946-5202x56955
898,Deborah Jackson,2021-06-15,autumn21@example.org,638-248-6656
899,Samantha Lucas,1990-07-20,youngelizabeth@example.org,001-224-887-8546x99581
900,Tyler Blair,1988-11-01,jeremy79@example.com,495-203-9490
901,John Gill,2023-09-16,janicemartinez@example.org,592-889-9116x2513
902,David Jones,1931-04-02,jonesmisty@example.org,(468)731-6422x09587
903,Breanna Henry,1910-04-30,erik22@example.net,001-262-607-7632x0693
904,Parker Hester,1963-10-05,wukenneth@example.org,442.819.2060x15987
905,Denise Donaldson,2001-02-15,lauragibson@example.com,682.715.3020
906,Johnny Parker,1909-06-13,kevin32@example.org,280-315-6820
907,Desiree Jacobs,1909-03-09,francisco33@example.com,568-437-0139x542
908,Luke Miller II,1977-07-28,martinmichael@example.org,001-299-927-9083x267
909,Angela Hahn,1927-09-07,zanderson@example.com,(720)311-5509
910,Annette Edwards,1939-04-03,romeroeric@example.com,244.358.1163x826
911,Jacob Flores,2008-02-23,fmartinez@example.org,3124087951
912,Jordan Beck,1916-01-18,scottsmith@example.net,(777)333-7833
913,Thomas Wilson,1951-04-13,jamesbautista@example.org,933.697.1234
914,Dawn Haney,1951-10-09,aalexander@example.net,526.569.9280x625
915,Laura Torres,1982-09-29,juliemartinez@example.net,+1-875-902-7712x2228
916,Maria Juarez,1933-10-16,matthew48@example.com,374-739-7907x8630
917,Savannah Duncan,2000-01-22,jacob01@example.net,(985)274-9758
918,Christopher Brooks,1978-11-27,pking@example.org,001-981-915-8442x13135
919,Dakota Murillo Jr.,2000-07-08,leah59@example.org,682-699-9337x7232
920,Denise Simmons,1949-06-04,youngbryan@example.net,(454)215-5318x16277
921,Sandra Gibson,1915-11-04,fsullivan@example.org,(552)629-4087x3617
922,Sherry Chen,1940-09-11,samuelanderson@example.net,+1-400-321-5483x19165
923,Christine Wilkinson,1926-04-16,lindabentley@example.net,001-764-423-9771x344
924,Neil Smith,1965-08-11,rogersjanice@example.org,488.972.6193x490
925,Ian Wood,2000-05-30,victoria54@example.org,001-230-612-7186x613
926,Michael Mcdonald,1995-05-13,ahayes@example.org,(957)490-7071
927,Tyler Michael,1971-05-10,michael26@example.org,(501)651-0851
928,Dr. Elizabeth Owens,1956-06-04,johnnyflynn@example.com,(515)940-8267x39217
929,Kaitlyn Scott,1986-11-19,tmurphy@example.org,(666)460-7635x76603
930,Rachael Wall,1913-10-15,patricia32@example.org,675.603.8390x69004
931,Christopher Blair,1926-01-23,janet29@example.net,(969)342-5831x4572
932,Daniel Harris,1972-08-09,eric39@example.org,4363844872
933,Ashley Brown,2024-04-09,robert77@example.org,4173520843
934,Laurie Griffin,1942-10-11,grahammegan@example.net,+1-576-900-6153x2295
935,Linda Phillips,1956-05-16,danielortiz@example.com,+1-685-387-4427x21184
936,Christine Smith,1922-02-23,michael80@example.org,+1-569-998-2233x5752
937,Melissa Beck,1926-05-05,xfranco@example.com,744.746.0028x944
938,Allison Mcclain,1947-03-12,brittanypatterson@example.org,+1-557-371-2684x74352
939,Benjamin Herrera,2022-02-10,ashleythomas@example.com,571-776-3544x146
940,Megan Salinas,2001-02-20,ajames@example.com,358.717.3166x14300
941,Alyssa Knight,1962-10-15,nancymccullough@example.com,731.359.7963
942,Charles Vasquez,2005-04-10,dominguezgerald@example.com,001-985-481-9421
943,Rachel Jones,1920-01-30,qwilliamson@example.net,+1-285-423-0415x36674
944,Tiffany Ford,2018-05-18,idavis@example.org,893.211.0262x225
945,Henry Burgess,2015-12-17,cmiller@example.org,328-395-1449x647
946,Sandra Reid,1938-05-07,travis78@example.net,396-800-7788x007
947,Kenneth Campbell,1914-06-29,lawrencemadison@example.net,001-526-352-4958x7304
948,Debra Hill,1987-10-31,icook@example.net,538-601-8434
949,Jamie Smith,1941-06-24,merrittjill@example.org,601.867.9459
950,Joseph Gomez,1945-09-07,wolfpaula@example.net,8618352766
951,John Martin,1946-02-21,wardwanda@example.net,+1-973-606-6452x4121
952,Jon Burns,1955-10-16,heathergarcia@example.net,+1-353-885-9283x154
953,Sharon Jensen,1944-04-27,robertblack@example.com,905.305.5711x044
954,Angela Martin,1943-04-29,steeleandrew@example.com,+1-210-974-7743x4514
955,Alexis Davis,1931-10-01,joshua73@example.net,960-410-0830
956,Gabriella Fletcher,1972-07-07,ddoyle@example.org,+1-740-414-3211x872
957,Michael Taylor,1928-06-07,boltontina@example.org,303.296.4413x00035
958,Meghan Morton,1994-01-03,rowlandbrian@example.org,408-843-5986
959,Shawn Strong,1983-02-20,johnlee@example.net,2182482449
960,Jonathan Phillips,2007-04-18,wbates@example.org,519.948.9435x6910
961,John Zhang,1995-04-29,pattersonmatthew@example.net,001-824-367-4574x1415
962,Maria Hunt,1966-10-07,veronicajackson@example.org,001-752-394-5649x903
963,Tyler Thomas,1974-11-05,deannahawkins@example.com,+1-417-484-6620x2384
964,Sean Coleman,2007-01-21,stevensellers@example.org,(634)743-4701x13164
965,Bethany Meza,1952-07-14,andersondrew@example.com,+1-327-569-7366x239
966,Alexander Miranda,1942-04-15,thomashart@example.com,544.922.3618
967,Tyler Mendez,1933-02-18,rossrobert@example.com,(699)366-7850x95431
968,John Harrison,1997-11-23,robinsontony@example.org,+1-812-841-7534x669
969,Donna Christensen,1931-07-25,scottchristopher@example.com,465.766.8008x66551
970,Brandon Jones,1943-06-14,ronald65@example.org,+1-537-674-8611x266
971,Timothy Yates,1917-10-19,heather44@example.net,332-662-3731x741
972,Rebecca Wright,1928-04-20,gross@example.com,965-713-8253x041
973,Natasha Brown,1993-02-09,johnshannon@example.com,001-978-237-1214x501
974,Tyler Griffith,1985-08-28,ymorton@example.net,226.836.2684x160
975,Stephanie Zamora,1965-01-23,cwilliams@example.com,(350)705-8554
976,Timothy Lowery,1964-12-02,christie61@example.org,743.492.9777x20191
977,Crystal Tate,1998-06-01,mitchell65@example.net,001-269-939-1428x02118
978,Kathleen Cross,2012-05-02,phillipsmichael@example.com,700-668-6095x086
979,Jose Allen,2000-03-26,nicoleburns@example.net,(595)355-1769
980,Dawn Steele,1939-07-20,scarpenter@example.com,(893)562-7563
981,Nicole Deleon,1974-09-04,santiagorobert@example.net,(384)260-7825
982,Shane Rodriguez,1919-04-29,thompsonjustin@example.net,001-865-745-1796x978
983,Mark Taylor,1933-12-17,steven16@example.org,(386)723-4088x048
984,Karen Crawford,1979-01-25,saguirre@example.com,001-975-446-3273x97511
985,Alan Wheeler,2018-05-05,nicolehardy@example.org,+1-647-284-0723x9441
986,Jasmine Blanchard,1987-04-21,xsherman@example.com,(758)947-5044
987,Katherine Branch,1922-06-24,jenkinssamuel@example.org,4708875577
988,Philip West,2021-10-05,maxwellcody@example.org,274-788-9959x277
989,Ryan Rivera,1914-01-10,maria50@example.org,(549)608-6826x67562
990,Wendy Thomas,1955-03-15,ejones@example.net,(496)305-0491x6747
991,Erica Wells,1986-10-06,martinezjennifer@example.org,402.753.9215x21841
992,Chad Byrd,1923-03-15,hughesjason@example.com,(539)277-2665x741
993,Kent Arnold,1916-07-31,jharris@example.com,448.958.0207x72951
994,Megan Hodges,1978-05-15,kelsey61@example.com,001-852-813-2644x591
995,Carl Carney,1991-12-09,edward76@example.net,947.331.1715
996,Mariah Wilkins,1936-02-15,jessicablack@example.com,001-377-280-9950x306
997,Noah Jones,1976-01-08,laura75@example.net,(456)363-3583x41716
998,Jason Foster,2000-11-29,bhogan@example.com,810.760.1621x0689
999,Amanda Curry,1954-05-14,pdavis@example.net,+1-536-422-2877x2528
1000,Richard Vaughan,1994-03-01,stephanie94@example.net,620-446-7845x2826
