ID,Name,TrustType
1,Potter-Jackson,Family Trust
2,Alexander-Howard,Charitable Trust
3,Jackson-Fields,Charitable Trust
4,Douglas and Sons,Family Trust
5,Casey-Noble,Charitable Trust
6,Day-Boone,Business Trust
7,Buckley PLC,Charitable Trust
8,Huang-Herring,Business Trust
9,Simon-Rodriguez,Family Trust
10,"Hartman, Roberts and Martinez",Business Trust
11,Spears and Sons,Family Trust
12,Hammond Ltd,Business Trust
13,Henderson Inc,Charitable Trust
14,Hancock-Patel,Business Trust
15,Blanchard PLC,Business Trust
16,Gillespie-Perez,Family Trust
17,Dominguez-Benson,Charitable Trust
18,Hutchinson-Miller,Business Trust
19,"Phillips, Barrett and Torres",Family Trust
20,"Ellis, Singleton and Harris",Business Trust
21,"Schmitt, Stephens and Tucker",Charitable Trust
22,Doyle PLC,Charitable Trust
23,Anderson-Adams,Business Trust
24,Gross-Smith,Charitable Trust
25,Hickman Inc,Charitable Trust
26,Soto and Sons,Charitable Trust
27,"Brooks, Davis and Johnson",Family Trust
28,Allen Inc,Business Trust
29,Young PLC,Family Trust
30,Alexander-Ortiz,Charitable Trust
31,"Jones, Meyers and Chen",Charitable Trust
32,Spears and Sons,Business Trust
33,Gentry Group,Charitable Trust
34,"Terry, Freeman and Armstrong",Charitable Trust
35,Rivera Group,Business Trust
36,"Brooks, Hooper and Adkins",Charitable Trust
37,Peterson PLC,Family Trust
38,Snyder Inc,Business Trust
39,Evans Group,Charitable Trust
40,Jackson-Hoover,Family Trust
41,Hughes-Delgado,Business Trust
42,"Bowen, Hart and Miller",Family Trust
43,Peterson-Johnson,Family Trust
44,"Martin, Waller and Rice",Business Trust
45,Perkins PLC,Family Trust
46,Colon-Kelly,Charitable Trust
47,Estrada-Tyler,Charitable Trust
48,Morrison-Elliott,Business Trust
49,"Morgan, Riley and Anderson",Family Trust
50,Sanders-Dunn,Charitable Trust
51,"Hoffman, Shaw and Haynes",Charitable Trust
52,Navarro-Porter,Family Trust
53,Walls Ltd,Charitable Trust
54,Wright-Joyce,Business Trust
55,Mayer Inc,Family Trust
56,"Rogers, Cunningham and Harvey",Family Trust
57,Butler-Hall,Charitable Trust
58,"Carrillo, Cooper and Cooper",Business Trust
59,"Wade, Cuevas and Hogan",Business Trust
60,"Watson, Taylor and Mcgee",Charitable Trust
61,Reed-Fernandez,Business Trust
62,"Perez, Williams and James",Family Trust
63,Houston PLC,Charitable Trust
64,Bush Group,Charitable Trust
65,Walters Inc,Family Trust
66,Torres-Wilson,Charitable Trust
67,Myers Inc,Family Trust
68,Sosa-Mendez,Family Trust
69,Gallagher PLC,Family Trust
70,Hanson-Martin,Charitable Trust
71,"Lucero, Jones and Medina",Charitable Trust
72,Gutierrez-Keith,Charitable Trust
73,Macdonald-Powell,Business Trust
74,Cohen and Sons,Charitable Trust
75,Morgan Group,Charitable Trust
76,Gonzales-Ponce,Charitable Trust
77,Cunningham PLC,Business Trust
78,Stuart PLC,Business Trust
79,Adams-Arnold,Charitable Trust
80,"Murray, Mitchell and Gillespie",Family Trust
81,"Jennings, Johnson and Garcia",Family Trust
82,Simon-Herrera,Business Trust
83,"Martinez, Young and Roberson",Family Trust
84,Lynch Inc,Family Trust
85,Johnson-Stewart,Charitable Trust
86,Johnson-Livingston,Charitable Trust
87,Lopez Inc,Charitable Trust
88,Turner-Pennington,Charitable Trust
89,"Hamilton, Velasquez and Wong",Business Trust
90,York-Harris,Business Trust
91,"Clark, Carroll and Hoffman",Charitable Trust
92,Terry and Sons,Charitable Trust
93,"Kane, Weiss and Rowe",Family Trust
94,Moreno-Ramirez,Charitable Trust
95,Martinez-Newman,Business Trust
96,"Simmons, Allen and Shields",Business Trust
97,Jones LLC,Family Trust
98,"Hayes, Roth and Savage",Business Trust
99,Steele-Nielsen,Business Trust
100,Phillips Group,Family Trust
101,"Mclean, Wright and Gibson",Charitable Trust
102,"Hayes, Jackson and Butler",Charitable Trust
103,Rivera PLC,Family Trust
104,Robinson Group,Family Trust
105,Nguyen-Warren,Business Trust
106,Cabrera-Ingram,Charitable Trust
107,Sanchez-Campbell,Family Trust
108,"Nolan, Collins and Jones",Charitable Trust
109,Patterson-Fuller,Business Trust
110,"Harrington, Mann and Dominguez",Charitable Trust
111,Smith-Espinoza,Charitable Trust
112,Luna PLC,Family Trust
113,"Soto, Griffin and Castro",Family Trust
114,"Martinez, Costa and Torres",Charitable Trust
115,Young-Spencer,Charitable Trust
116,Paul Ltd,Charitable Trust
117,George Group,Business Trust
118,Carter-Riley,Business Trust
119,Lewis-Gonzalez,Charitable Trust
120,Bright and Sons,Business Trust
121,Johnson LLC,Business Trust
122,Mcmahon-Coffey,Business Trust
123,Stevens and Sons,Business Trust
124,Chaney Ltd,Business Trust
125,"Lee, Osborn and Trevino",Family Trust
126,Cobb and Sons,Business Trust
127,Crane-Oneill,Charitable Trust
128,Burns Group,Business Trust
129,Anderson-Vaughn,Family Trust
130,"Hall, Levy and Hines",Family Trust
131,Ewing-Nelson,Charitable Trust
132,Poole-Jefferson,Business Trust
133,Lamb-Perez,Charitable Trust
134,Watson-Snyder,Business Trust
135,Leonard Inc,Family Trust
136,Middleton and Sons,Family Trust
137,Lee Group,Business Trust
138,Anderson Inc,Family Trust
139,"Short, Johnson and Harrison",Charitable Trust
140,Brown-Costa,Charitable Trust
141,Kramer-Kim,Charitable Trust
142,Castillo Ltd,Family Trust
143,"Carroll, Clark and Smith",Family Trust
144,Love Group,Family Trust
145,Moore-Wilson,Charitable Trust
146,May-Scott,Family Trust
147,Nguyen-Melendez,Business Trust
148,"Dunn, Merritt and Pace",Business Trust
149,"Carlson, Jackson and White",Family Trust
150,Marshall PLC,Business Trust
151,Rodriguez Group,Charitable Trust
152,Williams-Roach,Family Trust
153,"Cox, Lopez and Hughes",Charitable Trust
154,"Stanley, Cannon and Shaw",Family Trust
155,"Hughes, Bullock and Freeman",Charitable Trust
156,Suarez-Sullivan,Charitable Trust
157,Hurst LLC,Charitable Trust
158,"Berry, Lester and Fisher",Family Trust
159,Little-Barry,Family Trust
160,"Stewart, Daniels and Brown",Business Trust
161,Olson-Davis,Business Trust
162,"Dickson, Wiley and Wilson",Charitable Trust
163,Williams-Jones,Family Trust
164,Thomas-Gray,Business Trust
165,Thomas-Sampson,Business Trust
166,Blanchard Inc,Business Trust
167,Peterson-Henderson,Charitable Trust
168,Rollins and Sons,Family Trust
169,Hoffman PLC,Charitable Trust
170,Turner-Mack,Charitable Trust
171,Hayes-Garrett,Charitable Trust
172,"Smith, Wilkinson and Lewis",Family Trust
173,Brown PLC,Family Trust
174,Norris-May,Business Trust
175,Bell Inc,Business Trust
176,Morris-Valenzuela,Charitable Trust
177,"Vega, Raymond and Weber",Business Trust
178,"Bryan, Green and Nguyen",Charitable Trust
179,Farmer Inc,Charitable Trust
180,Bernard Group,Family Trust
181,Gamble-Barber,Charitable Trust
182,Marsh and Sons,Family Trust
183,"Branch, Jones and Myers",Family Trust
184,Jones Inc,Charitable Trust
185,Bell-King,Business Trust
186,Le-Pierce,Business Trust
187,Madden-Simpson,Business Trust
188,"Rodriguez, Jones and Miller",Business Trust
189,Church-Perkins,Business Trust
190,Jones PLC,Family Trust
191,"Robinson, Ryan and Allen",Family Trust
192,Stafford-Rodriguez,Charitable Trust
193,"Hill, Johnson and Molina",Charitable Trust
194,Nash and Sons,Family Trust
195,"Carter, Turner and Thornton",Business Trust
196,Baker Group,Business Trust
197,Pratt-Murphy,Charitable Trust
198,"Cross, Ward and Hampton",Family Trust
199,May Ltd,Charitable Trust
200,"Turner, Johnston and Richardson",Business Trust
201,"Clark, Evans and Patel",Charitable Trust
202,Mathews-Warner,Charitable Trust
203,Hill-West,Charitable Trust
204,Jenkins Ltd,Charitable Trust
205,Walker PLC,Business Trust
206,Thornton-Porter,Charitable Trust
207,"Young, Anderson and Baker",Charitable Trust
208,White-Schmidt,Business Trust
209,Grimes PLC,Family Trust
210,Brady Group,Charitable Trust
211,"Johnson, Chaney and Thompson",Family Trust
212,"Stephens, Dougherty and Jackson",Charitable Trust
213,Bryant PLC,Family Trust
214,Peters-Lopez,Charitable Trust
215,Smith LLC,Family Trust
216,Johnson Inc,Family Trust
217,"Collins, Nelson and Roberts",Charitable Trust
218,"Chen, Allen and Fields",Family Trust
219,Miller-Sampson,Family Trust
220,Sparks-Klein,Business Trust
221,Allen-Miller,Family Trust
222,Pratt-Reid,Charitable Trust
223,Lee-Mccormick,Charitable Trust
224,Best-Ray,Charitable Trust
225,Garcia-Payne,Charitable Trust
226,Miller LLC,Charitable Trust
227,Singleton-Mendez,Charitable Trust
228,"Willis, Stein and Lopez",Family Trust
229,"Long, Harris and Smith",Business Trust
230,Williams Ltd,Family Trust
231,"Haley, Moreno and Jones",Family Trust
232,Price-Lewis,Charitable Trust
233,"Garcia, Smith and Thomas",Charitable Trust
234,Banks-Tucker,Charitable Trust
235,"Sanchez, Stewart and Robertson",Business Trust
236,Herrera Group,Charitable Trust
237,"Thompson, Burns and Combs",Business Trust
238,"Montoya, Smith and Dickson",Charitable Trust
239,"Smith, Marshall and Pitts",Charitable Trust
240,"Lopez, Greene and Patel",Charitable Trust
241,Jones and Sons,Charitable Trust
242,Hurst PLC,Family Trust
243,"Horne, Moore and Salas",Family Trust
244,Miller-Benjamin,Charitable Trust
245,"Hayes, Watson and Gonzalez",Family Trust
246,Manning and Sons,Family Trust
247,Howard Inc,Charitable Trust
248,Koch PLC,Business Trust
249,Martin-Fisher,Charitable Trust
250,Howell Group,Family Trust
251,Johns-Patton,Charitable Trust
252,Warner-Williams,Family Trust
253,Nguyen-Hart,Family Trust
254,Christensen-Cunningham,Charitable Trust
255,Olson Ltd,Family Trust
256,Crawford PLC,Family Trust
257,"Martin, Estrada and Barnes",Charitable Trust
258,Thomas and Sons,Charitable Trust
259,"Tyler, Baker and Wright",Charitable Trust
260,"Evans, Arias and Richardson",Family Trust
261,Brown Inc,Family Trust
262,Hall-Lee,Family Trust
263,Jones Ltd,Charitable Trust
264,Taylor-Gibbs,Family Trust
265,"Aguilar, Sanford and Zuniga",Business Trust
266,"Phillips, Kennedy and Park",Family Trust
267,"Harris, Stanton and Elliott",Family Trust
268,Jackson Inc,Family Trust
269,Glenn-Lamb,Charitable Trust
270,"Lopez, Salazar and Hernandez",Charitable Trust
271,"Roth, Williams and Lewis",Business Trust
272,"Short, Love and Wilson",Family Trust
273,Wright-Barrera,Charitable Trust
274,Kelly-Sosa,Family Trust
275,"Garcia, Foster and Stevens",Charitable Trust
276,"Kidd, Anderson and Moore",Business Trust
277,Rangel Inc,Family Trust
278,Lee PLC,Charitable Trust
279,"Weeks, Patterson and Andrews",Business Trust
280,Reed Inc,Charitable Trust
281,Dixon-Perkins,Charitable Trust
282,Oliver-Peck,Business Trust
283,Taylor-Barnes,Charitable Trust
284,Woods Group,Family Trust
285,"Johnston, Walsh and Miller",Family Trust
286,Henderson-Jenkins,Family Trust
287,Massey-Walker,Charitable Trust
288,"Miller, Conley and Parker",Business Trust
289,Harmon PLC,Business Trust
290,"Robinson, Smith and Chambers",Family Trust
291,"Nguyen, Fitzgerald and Osborne",Business Trust
292,Johnson-Williams,Business Trust
293,Rush-Peterson,Business Trust
294,"Campbell, Hancock and Santiago",Business Trust
295,Ayala Group,Charitable Trust
296,"Woods, Atkins and Terry",Family Trust
297,Dunlap and Sons,Business Trust
298,Alvarez-Turner,Charitable Trust
299,Terry PLC,Charitable Trust
300,"Jackson, Reynolds and Schwartz",Family Trust
