id,materialname
301,Material 301
302,Material 302
303,Material 303
304,Material 304
305,Material 305
306,Material 306
307,Material 307
308,Material 308
309,Material 309
310,Material 310
311,Material 311
312,Material 312
313,Material 313
314,Material 314
315,Material 315
316,Material 316
317,Material 317
318,Material 318
319,Material 319
320,Material 320
321,Material 321
322,Material 322
323,Material 323
324,Material 324
325,Material 325
326,Material 326
327,Material 327
328,Material 328
329,Material 329
330,Material 330
331,Material 331
332,Material 332
333,Material 333
334,Material 334
335,Material 335
336,Material 336
337,Material 337
338,Material 338
339,Material 339
340,Material 340
341,Material 341
342,Material 342
343,Material 343
344,Material 344
345,Material 345
346,Material 346
347,Material 347
348,Material 348
349,Material 349
350,Material 350
351,Material 351
352,Material 352
353,Material 353
354,Material 354
355,Material 355
356,Material 356
357,Material 357
358,Material 358
359,Material 359
360,Material 360
361,Material 361
362,Material 362
363,Material 363
364,Material 364
365,Material 365
366,Material 366
367,Material 367
368,Material 368
369,Material 369
370,Material 370
371,Material 371
372,Material 372
373,Material 373
374,Material 374
375,Material 375
376,Material 376
377,Material 377
378,Material 378
379,Material 379
380,Material 380
381,Material 381
382,Material 382
383,Material 383
384,Material 384
385,Material 385
386,Material 386
387,Material 387
388,Material 388
389,Material 389
390,Material 390
391,Material 391
392,Material 392
393,Material 393
394,Material 394
395,Material 395
396,Material 396
397,Material 397
398,Material 398
399,Material 399
400,Material 400
1,Material 1
2,Material 2
3,Material 3
4,Material 4
5,Material 5
6,Material 6
7,Material 7
8,Material 8
9,Material 9
10,Material 10
11,Material 11
12,Material 12
13,Material 13
14,Material 14
15,Material 15
16,Material 16
17,Material 17
18,Material 18
19,Material 19
20,Material 20
21,Material 21
22,Material 22
23,Material 23
24,Material 24
25,Material 25
26,Material 26
27,Material 27
28,Material 28
29,Material 29
30,Material 30
31,Material 31
32,Material 32
33,Material 33
34,Material 34
35,Material 35
36,Material 36
37,Material 37
38,Material 38
39,Material 39
40,Material 40
41,Material 41
42,Material 42
43,Material 43
44,Material 44
45,Material 45
46,Material 46
47,Material 47
48,Material 48
49,Material 49
50,Material 50
51,Material 51
52,Material 52
53,Material 53
54,Material 54
55,Material 55
56,Material 56
57,Material 57
58,Material 58
59,Material 59
60,Material 60
61,Material 61
62,Material 62
63,Material 63
64,Material 64
65,Material 65
66,Material 66
67,Material 67
68,Material 68
69,Material 69
70,Material 70
71,Material 71
72,Material 72
73,Material 73
74,Material 74
75,Material 75
76,Material 76
77,Material 77
78,Material 78
79,Material 79
80,Material 80
81,Material 81
82,Material 82
83,Material 83
84,Material 84
85,Material 85
86,Material 86
87,Material 87
88,Material 88
89,Material 89
90,Material 90
91,Material 91
92,Material 92
93,Material 93
94,Material 94
95,Material 95
96,Material 96
97,Material 97
98,Material 98
99,Material 99
100,Material 100
401,Material 401
402,Material 402
403,Material 403
404,Material 404
405,Material 405
406,Material 406
407,Material 407
408,Material 408
409,Material 409
410,Material 410
411,Material 411
412,Material 412
413,Material 413
414,Material 414
415,Material 415
416,Material 416
417,Material 417
418,Material 418
419,Material 419
420,Material 420
421,Material 421
422,Material 422
423,Material 423
424,Material 424
425,Material 425
426,Material 426
427,Material 427
428,Material 428
429,Material 429
430,Material 430
431,Material 431
432,Material 432
433,Material 433
434,Material 434
435,Material 435
436,Material 436
437,Material 437
438,Material 438
439,Material 439
440,Material 440
441,Material 441
442,Material 442
443,Material 443
444,Material 444
445,Material 445
446,Material 446
447,Material 447
448,Material 448
449,Material 449
450,Material 450
451,Material 451
452,Material 452
453,Material 453
454,Material 454
455,Material 455
456,Material 456
457,Material 457
458,Material 458
459,Material 459
460,Material 460
461,Material 461
462,Material 462
463,Material 463
464,Material 464
465,Material 465
466,Material 466
467,Material 467
468,Material 468
469,Material 469
470,Material 470
471,Material 471
472,Material 472
473,Material 473
474,Material 474
475,Material 475
476,Material 476
477,Material 477
478,Material 478
479,Material 479
480,Material 480
481,Material 481
482,Material 482
483,Material 483
484,Material 484
485,Material 485
486,Material 486
487,Material 487
488,Material 488
489,Material 489
490,Material 490
491,Material 491
492,Material 492
493,Material 493
494,Material 494
495,Material 495
496,Material 496
497,Material 497
498,Material 498
499,Material 499
500,Material 500
201,Material 201
202,Material 202
203,Material 203
204,Material 204
205,Material 205
206,Material 206
207,Material 207
208,Material 208
209,Material 209
210,Material 210
211,Material 211
212,Material 212
213,Material 213
214,Material 214
215,Material 215
216,Material 216
217,Material 217
218,Material 218
219,Material 219
220,Material 220
221,Material 221
222,Material 222
223,Material 223
224,Material 224
225,Material 225
226,Material 226
227,Material 227
228,Material 228
229,Material 229
230,Material 230
231,Material 231
232,Material 232
233,Material 233
234,Material 234
235,Material 235
236,Material 236
237,Material 237
238,Material 238
239,Material 239
240,Material 240
241,Material 241
242,Material 242
243,Material 243
244,Material 244
245,Material 245
246,Material 246
247,Material 247
248,Material 248
249,Material 249
250,Material 250
251,Material 251
252,Material 252
253,Material 253
254,Material 254
255,Material 255
256,Material 256
257,Material 257
258,Material 258
259,Material 259
260,Material 260
261,Material 261
262,Material 262
263,Material 263
264,Material 264
265,Material 265
266,Material 266
267,Material 267
268,Material 268
269,Material 269
270,Material 270
271,Material 271
272,Material 272
273,Material 273
274,Material 274
275,Material 275
276,Material 276
277,Material 277
278,Material 278
279,Material 279
280,Material 280
281,Material 281
282,Material 282
283,Material 283
284,Material 284
285,Material 285
286,Material 286
287,Material 287
288,Material 288
289,Material 289
290,Material 290
291,Material 291
292,Material 292
293,Material 293
294,Material 294
295,Material 295
296,Material 296
297,Material 297
298,Material 298
299,Material 299
300,Material 300
101,Material 101
102,Material 102
103,Material 103
104,Material 104
105,Material 105
106,Material 106
107,Material 107
108,Material 108
109,Material 109
110,Material 110
111,Material 111
112,Material 112
113,Material 113
114,Material 114
115,Material 115
116,Material 116
117,Material 117
118,Material 118
119,Material 119
120,Material 120
121,Material 121
122,Material 122
123,Material 123
124,Material 124
125,Material 125
126,Material 126
127,Material 127
128,Material 128
129,Material 129
130,Material 130
131,Material 131
132,Material 132
133,Material 133
134,Material 134
135,Material 135
136,Material 136
137,Material 137
138,Material 138
139,Material 139
140,Material 140
141,Material 141
142,Material 142
143,Material 143
144,Material 144
145,Material 145
146,Material 146
147,Material 147
148,Material 148
149,Material 149
150,Material 150
151,Material 151
152,Material 152
153,Material 153
154,Material 154
155,Material 155
156,Material 156
157,Material 157
158,Material 158
159,Material 159
160,Material 160
161,Material 161
162,Material 162
163,Material 163
164,Material 164
165,Material 165
166,Material 166
167,Material 167
168,Material 168
169,Material 169
170,Material 170
171,Material 171
172,Material 172
173,Material 173
174,Material 174
175,Material 175
176,Material 176
177,Material 177
178,Material 178
179,Material 179
180,Material 180
181,Material 181
182,Material 182
183,Material 183
184,Material 184
185,Material 185
186,Material 186
187,Material 187
188,Material 188
189,Material 189
190,Material 190
191,Material 191
192,Material 192
193,Material 193
194,Material 194
195,Material 195
196,Material 196
197,Material 197
198,Material 198
199,Material 199
200,Material 200
