vm_instance_id,network_interface_id,role_id,name
1,105,15,VM_gurgal
2,81,15,VM_iywrtq
3,132,2,VM_jwenup
4,167,8,VM_qnawwv
5,130,8,VM_okmxkf
6,95,7,VM_jprrij
7,137,10,VM_njubva
8,180,10,VM_tlbkst
9,170,1,VM_shbdct
10,143,8,VM_kajpbz
11,199,6,VM_wrsbks
12,54,10,VM_lxinlk
13,167,9,VM_oabeks
14,76,4,VM_ghznst
15,110,4,VM_enudmu
16,126,8,VM_zdlyea
17,135,10,VM_udrazc
18,176,3,VM_bqmwyi
19,24,1,VM_zvyyfy
20,134,11,VM_cxuruj
21,28,11,VM_toqqjp
22,100,6,VM_qagknc
23,193,2,VM_itslct
24,174,1,VM_eszbaz
25,111,5,VM_yojrln
26,116,9,VM_kwisbr
27,159,2,VM_kxjcso
28,161,7,VM_tzbyti
29,5,13,VM_mqxxvg
30,69,2,VM_ncirdk
31,14,12,VM_lddpax
32,156,3,VM_tcgdnk
33,186,7,VM_faxfma
34,14,11,VM_iqespe
35,130,2,VM_guvmkr
36,127,13,VM_palgyg
37,117,4,VM_dnwvpd
38,168,14,VM_joqcbf
39,170,15,VM_vdweql
40,169,12,VM_ndpxta
41,81,5,VM_qlmkng
42,55,11,VM_hxjawo
43,75,13,VM_gaqbyg
44,35,9,VM_bfmuyh
45,80,2,VM_jczonz
46,51,13,VM_amnbxs
47,53,9,VM_ividny
48,156,9,VM_ebbdyt
49,95,5,VM_kpyqeh
50,64,1,VM_vaeosl
51,43,11,VM_cwymjl
52,109,2,VM_zgwstm
53,198,1,VM_gzsitp
54,189,14,VM_dajwzq
55,140,14,VM_grplcj
56,152,5,VM_aljbmb
57,52,1,VM_duhfrk
58,23,4,VM_rqexmk
59,23,10,VM_yvaceg
60,171,10,VM_mhpiaq
61,125,7,VM_cyjdqt
62,37,11,VM_trllsx
63,183,5,VM_pdzdsv
64,45,1,VM_pmodad
65,196,7,VM_flirmr
66,53,15,VM_vjhbcq
67,118,15,VM_rggkky
68,48,12,VM_nemmsf
69,170,6,VM_sjqhat
70,168,7,VM_zhwbal
71,123,11,VM_jjxsok
72,131,10,VM_hcueip
73,175,13,VM_tozxyx
74,122,14,VM_rzqodw
75,23,3,VM_igmrqk
76,133,1,VM_dhdxhs
77,55,4,VM_avuxxc
78,159,4,VM_bgyiwq
79,171,12,VM_qyereo
80,149,15,VM_xmydex
81,46,13,VM_wtdfdd
82,20,3,VM_nngzmb
83,39,11,VM_xwxdni
84,176,2,VM_wzwets
85,81,12,VM_zwupqg
86,185,13,VM_rpgruu
87,75,2,VM_pqeadj
88,165,9,VM_cdlglf
89,136,8,VM_arbnlf
90,18,15,VM_hxemcd
91,78,10,VM_lkztqc
92,198,4,VM_mccegy
93,182,3,VM_rdoyde
94,69,6,VM_qajpps
95,123,11,VM_nyvbez
96,106,4,VM_pgtxja
97,31,2,VM_ecmkef
98,17,14,VM_shrxmr
99,177,8,VM_gywntw
100,131,9,VM_bahnan
101,135,15,VM_zwydqn
102,195,15,VM_bqfifg
103,147,8,VM_tgzggt
104,151,5,VM_pknhvz
105,195,5,VM_muavgq
106,177,5,VM_ulgguz
107,99,11,VM_ohbqow
108,90,11,VM_qwpcyi
109,143,12,VM_uudfow
110,10,6,VM_jigmpu
111,115,2,VM_kdehkz
112,65,8,VM_dqtlel
113,103,6,VM_cxqvkm
114,61,1,VM_zjfioc
115,35,3,VM_vgbbug
116,94,3,VM_drluql
117,109,14,VM_ldzbje
118,92,7,VM_fewego
119,2,1,VM_anywcf
120,25,15,VM_edycsw
121,65,1,VM_tuxjjh
122,142,3,VM_fijemw
123,77,1,VM_gqfist
124,96,7,VM_kqfuaj
125,156,5,VM_kvhagu
126,39,12,VM_pvjcdk
127,182,15,VM_fekscu
128,131,1,VM_qzqisl
129,49,4,VM_eyusrl
130,122,3,VM_bjbemm
131,102,9,VM_edbyos
132,119,8,VM_szzoou
133,95,7,VM_htrgmc
134,4,12,VM_eyvxhc
135,188,5,VM_aovvra
136,151,4,VM_vxkhmg
137,94,4,VM_uyvspo
138,56,15,VM_rsibmw
139,31,15,VM_nxtapb
140,30,7,VM_izrpee
141,162,8,VM_dvwyxd
142,172,2,VM_lyrzbg
143,165,2,VM_qioogj
144,24,1,VM_kszqek
145,100,9,VM_ydufmz
146,84,12,VM_fncirz
147,26,4,VM_pfkter
148,178,12,VM_ierhsx
149,82,14,VM_fbycen
150,119,6,VM_gqyjrx
151,44,5,VM_jdqwti
152,129,4,VM_awgbgf
153,177,4,VM_evridf
154,124,13,VM_glsdyx
155,85,12,VM_vcjdyg
156,23,13,VM_zvpyhz
157,149,1,VM_mmmimc
158,72,13,VM_ercxdo
159,72,4,VM_yrdidy
160,35,2,VM_llhlhy
161,139,3,VM_pvfajm
162,59,14,VM_llliem
163,145,9,VM_cgoslq
164,36,7,VM_mcadak
165,19,4,VM_fgnehd
166,120,2,VM_zjaxbh
167,144,10,VM_ivmpsi
168,93,2,VM_opdxbf
169,186,7,VM_ouakwa
170,47,12,VM_qwtxnm
171,12,10,VM_polvoa
172,172,2,VM_aqaism
173,176,15,VM_ggedpd
174,102,2,VM_mgbeoj
175,193,14,VM_wwrwxj
176,138,9,VM_sqbqor
177,30,12,VM_xwpkvj
178,191,13,VM_zjeaty
179,188,11,VM_wlrkst
180,105,11,VM_cbdvtq
181,35,6,VM_cuyjop
182,137,8,VM_lfgqqg
183,69,11,VM_cmapgk
184,38,5,VM_pybvde
185,105,15,VM_howlfs
186,101,14,VM_jtoveu
187,24,10,VM_rfnwwd
188,30,14,VM_bfcfyi
189,147,3,VM_boexsw
190,126,10,VM_xpnqdy
191,94,6,VM_dlapwt
192,98,12,VM_ttvdgn
193,26,7,VM_fnhxia
194,48,7,VM_sguabd
195,144,13,VM_jcadfd
196,23,10,VM_vqqnci
197,176,2,VM_zhandq
198,64,12,VM_uzbdtd
199,179,8,VM_tkyyax
200,191,15,VM_evbeto
